route_id,agency_id,route_short_name,route_long_name,route_desc,route_type,route_url,route_color,route_text_color
28195,6,BSK-HLC,BEïŋ―ïŋ―KTAïŋ― - KABATAïŋ― - KARAKïŋ―Y - KASIMPAïŋ―A - Sïŋ―TLïŋ―CE - EYïŋ―P,,4,,,
28194,6,KDK-HLC,KADIKïŋ―Y - KASIMPAïŋ―A - FENER - Sïŋ―TLïŋ―CE - EYïŋ―P,,4,,,
28191,6,ASYN-KCS,Aïŋ―iyan - Anadolu Hisarïŋ― - Kïŋ―ïŋ―ïŋ―ksu Ring,,4,https://www.sehirhatlari.istanbul/tr/seferler/ic-hatlar/istanbul-ici-hatlar/asiyan-anadolu-hisari-kucuksu-ring-hatti-2014,,
7060,6,BOS-KRK-KBTïŋ―,BOSTANCI - KARAKïŋ―Y - KABATAïŋ―,,4,http://www.sehirhatlari.istanbul/tr/seferler/bostanci-karakoy-6498.html,,
26722,6,BYKADA-HYBADA,HEYBELïŋ―ADA-Bïŋ―Yïŋ―KADA,,4,http://www.sehirhatlari.istanbul/tr/seferler/bostanci-adalar-ring-hatti-9504.html,,
26721,6,BOS-ADA_RING,BOSTANCI-ADALAR RING,,4,http://www.sehirhatlari.istanbul/tr/seferler/bostanci-adalar-ring-hatti-9504.html,,
26719,6,Bïŋ―K-BYKADA,BEïŋ―ïŋ―KTAïŋ―-HEYBELïŋ―ADA-Bïŋ―Yïŋ―KADA,,4,http://www.sehirhatlari.istanbul/tr/seferler/besiktas-heybeliada-buyukada-3487.html,,
26718,6,Bïŋ―K-ADA_2,BEïŋ―ïŋ―KTAïŋ―-KINALIADA-BURGAZADA,,4,http://www.sehirhatlari.istanbul/tr/seferler/besiktas-kinaliada-burgazada-3486.html,,
26717,6,Bïŋ―K-ADA,BEïŋ―ïŋ―KTAïŋ―-KINALIADA-BURGAZADA,,4,http://www.sehirhatlari.istanbul/tr/seferler/besiktas-kinaliada-burgazada-3486.html,,
26716,6,KBTïŋ―-EMN-KDK-ADA,KABATAïŋ― - EMïŋ―Nïŋ―Nïŋ― - KADIKïŋ―Y - ADALAR,,4,http://www.sehirhatlari.istanbul/tr/seferler/kabatas-eminonu-kadikoy-adalar-369.html,,
26715,6,BOS-ADA,BOSTANCI - ADALAR (Bïŋ―Yïŋ―KADA - HEYBELïŋ―ADA),,4,http://www.sehirhatlari.istanbul/tr/seferler/bostanci-adalar-370.html,,
2063,6,ïŋ―NGK-iST,ïŋ―ENGELKïŋ―Y - ïŋ―STïŋ―NYE,,4,,,
831,6,Bïŋ―Z-16,BOïŋ―AZA Gïŋ―Dïŋ―ïŋ―,,4,,,
7503,6,BYK-ïŋ―SK,BEYKOZ - ïŋ―SKïŋ―DAR,,4,http://www.sehirhatlari.com.tr/tr/seferler/,,
7496,6,ERGVN,ERGUVAN TURU,,4,http://www.sehirhatlari.com.tr/tr/seferler/,,
7493,6,KISA Bïŋ―Z,KISA BOïŋ―AZ TURU,,4,http://www.sehirhatlari.com.tr/tr/seferler/,,
817,6,Bïŋ―Z-6,BOïŋ―AZDAN GELïŋ―ïŋ―,,4,,,
804,6,Bïŋ―Z-23,BOïŋ―AZA Gïŋ―Dïŋ―ïŋ―,,4,,,
807,6,Bïŋ―Z-17,BOïŋ―AZA Gïŋ―Dïŋ―ïŋ―,,4,,,
2057,6,Bïŋ―Z-24,BOïŋ―AZA Gïŋ―Dïŋ―ïŋ―,,4,,,
2059,6,SRY-RMK-AKV,SARIYER-RUMELïŋ― KAVAïŋ―I-ANADOLU KAVAïŋ―I,,4,,,
808,6,Bïŋ―Z-8,BOïŋ―AZDAN GELïŋ―ïŋ―,,4,,,
7494,6,AKV-ïŋ―SK,ANADOLU KAVAïŋ―I - ïŋ―SKïŋ―DAR,,4,http://www.sehirhatlari.com.tr/tr/seferler/,,
7495,6,LALE FST,LALE FESTïŋ―VALïŋ―(Kadïŋ―kïŋ―y-ïŋ―skïŋ―dar-Emirgan),,4,http://www.sehirhatlari.com.tr/tr/seferler/,,
818,6,Bïŋ―Z-21,BOïŋ―AZA Gïŋ―Dïŋ―ïŋ―,,4,,,
2052,6,ADA - BOS,ADALAR - BOSTANCI,,4,,,
7506,6,ADA-EMN,ADALAR - EMïŋ―Nïŋ―Nïŋ― (KADIKïŋ―Y Uïŋ―RAMASIZ),,4,http://www.sehirhatlari.com.tr/tr/seferler/,,
824,6,Bïŋ―Z-3,BOïŋ―AZDAN GELïŋ―ïŋ―,,4,,,
806,6,Bïŋ―Z-2,BOïŋ―AZDAN GELïŋ―ïŋ―,,4,,,
821,6,Bïŋ―Z-18,BOïŋ―AZA Gïŋ―Dïŋ―ïŋ―,,4,,,
803,6,Bïŋ―Z-13,BOïŋ―AZDAN GELïŋ―ïŋ―,,4,,,
2062,6,KDK-Bïŋ―K-ïŋ―ST-SRY,KADIKïŋ―Y-SARIYER,,4,,,
836,6,EMN-ADA-BOST,EMïŋ―Nïŋ―Nïŋ― - ADALAR - BOSTANCI,,4,,,
815,6,Bïŋ―Z-12,BOïŋ―AZDAN GELïŋ―ïŋ―,,4,,,
2065,6,ARNK - ïŋ―ST,ARNAVUTKïŋ―Y - ïŋ―STïŋ―NYE,,4,,,
805,6,Bïŋ―Z-19,BOïŋ―AZA Gïŋ―Dïŋ―ïŋ―,,4,,,
823,6,Bïŋ―Z-11,BOïŋ―AZDAN GELïŋ―ïŋ―,,4,,,
809,6,KDK-Bïŋ―K,KADIKïŋ―Y-BEïŋ―ïŋ―KTAïŋ―,,4,,,
7497,6,RKVK-EMN,RUMELïŋ― KAVAïŋ―I - EMïŋ―Nïŋ―Nïŋ―,,4,http://www.sehirhatlari.com.tr/tr/seferler/,,
830,6,ïŋ―SK-EMN,ïŋ―SKïŋ―DAR-EMïŋ―Nïŋ―Nïŋ―,,4,,,
2067,6,EMGN-ARNK,EMïŋ―RGAN-ARNAVUTKïŋ―Y,,4,,,
2069,6,EMGN-BBK,EMïŋ―RGAN - BEBEK,,4,,,
7505,6,EMN-KDK-ADA,EMïŋ―Nïŋ―Nïŋ― - YENïŋ―KADIKïŋ―Y - ADALAR,,4,http://www.sehirhatlari.com.tr/tr/seferler/,,
832,6,Bïŋ―Z-20,BOïŋ―AZA Gïŋ―Dïŋ―ïŋ―,,4,,,
2064,6,ïŋ―NGK-EMGN,ïŋ―ENGELKïŋ―Y - EMïŋ―RGAN,,4,,,
7045,6,ïŋ―SK - ORT,ïŋ―SKïŋ―DAR - ORTAKïŋ―Y,,4,http://www.sehirhatlari.istanbul/tr/seferler/uskudar-ortakoy-4483.html,,
833,6,ïŋ―SK-EYP,ïŋ―SKïŋ―DAR-KARAKïŋ―Y-EMïŋ―Nïŋ―Nïŋ―-EYïŋ―P (HALïŋ―ïŋ― HATTI),,4,,,
2066,6,EMGN-ïŋ―ST-ïŋ―NGK,EMïŋ―RGAN-ïŋ―STïŋ―NYE-ïŋ―ENGELKïŋ―Y,,4,,,
7044,6,ïŋ―ST - ïŋ―BK,ïŋ―STïŋ―NYE - ïŋ―UBUKLU (Arabalïŋ― Vapur),,4,http://www.sehirhatlari.istanbul/tr/seferler/istinye-cubuklu-arabali-4496.html,,
811,6,Bïŋ―Z-22,BOïŋ―AZA Gïŋ―Dïŋ―ïŋ―,,4,,,
2070,6,UZUN-Bïŋ―Z,UZUN BOïŋ―AZ TURU,,4,,,
816,6,KCS-Bïŋ―K,Kïŋ―ïŋ―ïŋ―KSU-BEïŋ―ïŋ―KTAïŋ―,,4,,,
814,6,Bïŋ―Z-7,BOïŋ―AZDAN GELïŋ―ïŋ―,,4,,,
820,6,Bïŋ―Z-1,BOïŋ―AZDAN GELïŋ―ïŋ―,,4,,,
2061,6,Kïŋ―S-ïŋ―ST,Kïŋ―ïŋ―ïŋ―KSU - ïŋ―STïŋ―NYE,,4,,,
802,6,KRK-KDK,KARAKïŋ―Y-KADIKïŋ―Y,,4,,,
826,6,KDK-EMN,KADIKïŋ―Y-EMïŋ―Nïŋ―Nïŋ―,,4,,,
2054,6,EMN-ADA,EMïŋ―Nïŋ―Nïŋ― - ADALAR,,4,,,
2068,6,EMGN-ïŋ―NGK,EMïŋ―RGAN-ïŋ―ENGELKïŋ―Y,,4,,,
7502,6,Bïŋ―Z-25,BOïŋ―AZA Gïŋ―Dïŋ―ïŋ―,,4,http://www.sehirhatlari.com.tr/tr/seferler/,,
7491,6,KDK-KRK-EMN,KADIKïŋ―Y-KARAKïŋ―Y-EMïŋ―Nïŋ―Nïŋ―,,4,http://www.sehirhatlari.istanbul/tr/seferler/,,
7504,6,SRY-EMN,SARIYER - EMïŋ―Nïŋ―Nïŋ―,,4,http://www.sehirhatlari.com.tr/tr/seferler/,,
813,6,Bïŋ―Z-15,BOïŋ―AZA Gïŋ―Dïŋ―ïŋ―,,4,,,
7492,6,KRK-EMN-KDK,KARAKïŋ―Y-EMïŋ―Nïŋ―Nïŋ―-KADIKïŋ―Y,,4,http://www.sehirhatlari.com.tr/tr/seferler/,,
810,6,Bïŋ―Z-9,BOïŋ―AZDAN GELïŋ―ïŋ―,,4,,,
825,6,Bïŋ―Z-10,BOïŋ―AZDAN GELïŋ―ïŋ―,,4,,,
822,6,Bïŋ―Z-5,BOïŋ―AZDAN GELïŋ―ïŋ―,,4,,,
828,6,Bïŋ―Z-4,BOïŋ―AZDAN GELïŋ―ïŋ―,,4,,,
2060,6,SRY-AKV,SARIYER-ANADOLU KAVAïŋ―I,,4,,,
28188,4,Marmaray2,HALKALI - BAHïŋ―Eïŋ―EHïŋ―R,,1,https://marmaray.gov.tr/,,
26727,4,Marmaray1,Sïŋ―ïŋ―ïŋ―TLïŋ―ïŋ―Eïŋ―ME - ZEYTïŋ―NBURNU,,1,http://www.marmaray.gov.tr,,
26615,4,Marmaray,GEBZE-HALKALI,,1,http://www.marmaray.gov.tr,,
28189,11,M7,YILDIZ - MAHMUTBEY,,1,https://www.metro.istanbul/Hatlarimiz/HatDetay?hat=M7,,
28190,11,M9,BAHARïŋ―YE - OLïŋ―MPïŋ―YAT,,1,https://www.metro.istanbul/Hatlarimiz/HatDetay?hat=M9,,
28193,11,M8,BOSTANCI - DUDULLU,,1,https://www.metro.istanbul/Hatlarimiz/HatDetay?hat=M8,,
1293,11,M1B,YENïŋ―KAPI - Kïŋ―RAZLI,,1,http://www.istanbul-ulasim.com.tr/rayl%C4%B1-sistemler/m1-aksaray-havaliman%C4%B1-kirazl%C4%B1.aspx,,
1297,11,M3,Kïŋ―RAZLI - OLïŋ―MPïŋ―YAT - BAïŋ―AKïŋ―EHïŋ―R,,1,http://www.istanbul-ulasim.com.tr/rayl%C4%B1-sistemler/m3-ba%C5%9Fak%C5%9Fehir-olimpiyatk%C3%B6y.aspx,,
7237,11,F3,SEYRANTEPE - VADïŋ―STANBUL,,7,https://www.metro.istanbul/raylïŋ―-sistemler/,,
1298,11,M2,YENïŋ―KAPI - HACIOSMAN,,1,https://www.metro.istanbul/seferTarife.aspx?r=04c7f4fc-ba94-4eb2-8764-9e43dc1c604b&bs=584872cb-5812-4d5f-bd26-3118c7e22c19&ls=935ddc62-0a30-4578-a18d-fdc7a8e3d078&d=1,,
1290,11,TF1,MAïŋ―KA - TAïŋ―KIïŋ―LA,,6,http://www.istanbul-ulasim.com.tr/rayl%C4%B1-sistemler/ma%C3%A7ka-%E2%80%93-ta%C5%9Fk%C4%B1%C5%9Fla-teleferik.aspx,,
1291,11,TF2,EYïŋ―P - Pïŋ―YERLOTïŋ― TELEFERïŋ―ïŋ―ïŋ―,,6,http://www.istanbul-ulasim.com.tr/rayl%C4%B1-sistemler/ey%C3%BCp-piyerloti-teleferik-hatt%C4%B1.aspx,,
1296,11,M1A,YENïŋ―KAPI - ATATïŋ―RK HAVALïŋ―MANI,,1,http://www.istanbul-ulasim.com.tr/rayl%C4%B1-sistemler/m1-aksaray-havaliman%C4%B1-kirazl%C4%B1.aspx,,
2048,11,T3,KADIKïŋ―Y - MODA,,0,,,
1289,11,T4,TOPKAPI - MESCïŋ―D-ïŋ― SELAM,,0,https://www.metro.istanbul/rayl%C4%B1-sistemler/t4-topkap%C4%B1-%E2%80%93-mescid-i-selam.aspx,,
4065,11,T1,BAïŋ―CILAR - KABATAïŋ―,,0,https://www.metro.istanbul/seferTarife.aspx?r=888aecf1-4062-4a4e-99e9-6a9550327f7e&bs=ec28f4d1-7548-4279-a127-985a58ec2b8e&ls=31b73dba-0d61-4d2b-b974-b30daf8a93c8&d=1,,
1294,11,M4,KADIKïŋ―Y - TAVïŋ―ANTEPE,,1,http://www.metro.istanbul/rayl%C4%B1-sistemler/m4-kad%C4%B1k%C3%B6y-tav%C5%9Fantepe.aspx,,
3811,11,M6,LEVENT - BOïŋ―AZïŋ―ïŋ―ïŋ― ïŋ―./Hïŋ―SARïŋ―STïŋ―,,1,http://www.istanbul-ulasim.com.tr/,,
2044,11,M2A,SANAYïŋ― MAHALLESïŋ― - SEYRANTEPE,,1,,,
2045,11,M3A,ïŋ―Kïŋ―TELLïŋ― SANAYïŋ― - OLïŋ―MPïŋ―YAT,,1,,,
7098,11,M5,ïŋ―SKïŋ―DAR - ïŋ―EKMEKïŋ―Y,,1,https://www.metro.istanbul/raylïŋ―-sistemler/,,
2050,11,F2,KARAKïŋ―Y - BEYOïŋ―LU,,7,,,
2047,11,F1,TAKSïŋ―M-KABATAïŋ―,,7,,,
27196,37,PASABAHCE-SOGUKSU-KAVACIK,HEKïŋ―MBAïŋ―I-ANADOLU Hïŋ―SARI-KAVACIK-ïŋ―AVUïŋ―BAïŋ―I,,9,,,
28185,37,DARïŋ―ïŋ―ïŋ―AFAKA-ïŋ―STïŋ―NYE-ïŋ―STïŋ―NYE BAYIRI-4.LEVENT METRO,SARIYER Bïŋ―LGE ïŋ―ALIïŋ―MA GRUBU,,9,,,
28182,37,Balta Limanïŋ―-4. Levent,SARIYER Bïŋ―LGE ïŋ―ALIïŋ―MA GRUBU,,9,,,
27281,37,ïŋ―MRANïŋ―YE DEVLET HASTANESïŋ― ïŋ― ïŋ―MRANïŋ―YE ïŋ― ARMAïŋ―ANEVLER MAH.-Sïŋ―TE MAH.,ïŋ―AKMAK - ARMAïŋ―ANEVLER MAH. - ïŋ―MRANïŋ―YE DEVLET HAST - KAZIM KARABEKïŋ―R MAHALLESïŋ―,,9,,,
7514,37,Kïŋ―LYOS-SARIYER-H.OSMAN METRO-KAYMAKAMLIK(Ring),KAYMAKAMLIK(Ring),,9,,,
7216,37,Sïŋ―LAHTARAïŋ―A CAD.-GOP-OTOGAR,CEVATPAïŋ―A - B.PAïŋ―A - OTOGAR - EYïŋ―P - EDïŋ―RNEKAPI,,9,,,
7217,37,OTOGAR-BAYRAMPAïŋ―A-Kïŋ―ïŋ―ïŋ―KKïŋ―Y-YUNUS EMRE MAH,CEVATPAïŋ―A - B.PAïŋ―A - OTOGAR - EYïŋ―P - EDïŋ―RNEKAPI,,9,,,
7371,37,FABRïŋ―KALAR-CEVATPAïŋ―A-KOCATEPE-EDïŋ―RNEKAPI,CEVATPAïŋ―A - B.PAïŋ―A - OTOGAR - EYïŋ―P - EDïŋ―RNEKAPI,,9,,,
7214,37,GAZïŋ―OSMANPAïŋ―A TAKSïŋ―M Eïŋ―ïŋ―Tïŋ―M VE ARAïŋ―TIRMA HASTANESïŋ―-BAïŋ―CILAR HASTANE,BAïŋ―CILAR - HABïŋ―BLER,,9,,,
7272,37,CEVATPAïŋ―A -EYïŋ―P,CEVATPAïŋ―A - B.PAïŋ―A - OTOGAR - EYïŋ―P - EDïŋ―RNEKAPI,,9,,,
7271,37,CEVATPAïŋ―A-BAYRAMPAïŋ―A-EDïŋ―RNEKAPI,CEVATPAïŋ―A - B.PAïŋ―A - OTOGAR - EYïŋ―P - EDïŋ―RNEKAPI,,9,,,
7365,37,BAKIRKïŋ―Y-ïŋ―ïŋ―Rïŋ―NEVLER-POLïŋ―S LOJMANLARI,BAKIRKïŋ―Y - ïŋ―Kïŋ―TELLïŋ― - MAHMUTBEY,,9,,,
28184,37,Pïŋ―nar Mah-ïŋ―stinye bayïŋ―rïŋ―-Zincirlikuyu Metrobïŋ―s,SARIYER Bïŋ―LGE ïŋ―ALIïŋ―MA GRUBU,,9,,,
28183,37,Yeïŋ―iltepe-Ayazaïŋ―a Kïŋ―yïŋ―-4. Levent-Zincirlikuyu,SARIYER Bïŋ―LGE ïŋ―ALIïŋ―MA GRUBU,,9,,,
28181,37,R.kavagïŋ― -Sarïŋ―yer-H.Osman Metro-Kaymakamlïŋ―k(Ring),SARIYER Bïŋ―LGE ïŋ―ALIïŋ―MA GRUBU,,9,,,
7508,37,Sarïŋ―yer-Kocataïŋ―-Sarïŋ―daïŋ―ïŋ―stïŋ―-ïŋ―ayïŋ―rbaïŋ―ïŋ―-H.Osman Metro -Kaymakamlïŋ―k,SARIYER Bïŋ―LGE ïŋ―ALIïŋ―MA GRUBU,,9,,,
27203,37,ïŋ―MRANïŋ―YE Eïŋ―T. VE ARAïŋ―.HAST. - CEMïŋ―L MERïŋ―ïŋ― MAH. - MERKEZ MAH.,ïŋ―MRANïŋ―YE Eïŋ―T. VE ARAïŋ―.HAST. - CEMïŋ―L MERïŋ―ïŋ― MAH. ïŋ― A. YAVUZ MAH. - DUDULLU - MERKEZ MAH.,,9,,,
27366,37,ïŋ―ïŋ―LE MERKEZïŋ―Aïŋ―VA,ïŋ―ïŋ―LE MERKEZïŋ―Aïŋ―VA,,9,,,
27204,37,ïŋ―MRANïŋ―YE Eïŋ―T. VE ARAïŋ―.HAST. - ADEM YAVUZ MAH. - MERKEZ MAH.,ïŋ―MRANïŋ―YE Eïŋ―T. VE ARAïŋ―.HAST. - CEMïŋ―L MERïŋ―ïŋ― MAH. ïŋ― A. YAVUZ MAH. - DUDULLU - MERKEZ MAH.,,9,,,
27365,37,ïŋ―ïŋ―LE MERKEZ-ïŋ―MRANïŋ―YE METRO GARDEN AVM,ïŋ―ïŋ―LE MERKEZ-ïŋ―MRANïŋ―YE METRO GARDEN AVM,,9,,,
27363,37,ïŋ―ïŋ―LE - YAZIMANAYIR - HACILLI - Aïŋ―VA,ïŋ―ïŋ―LE - YAZIMANAYIR - HACILLI - Aïŋ―VA,,9,,,
27359,37,ïŋ―ïŋ―LE-YEïŋ―ïŋ―LVADïŋ―-ïŋ―VEZLïŋ―-ULUPELïŋ―T,ïŋ―ïŋ―LE - YEïŋ―ïŋ―LVADïŋ― - ïŋ―VEZLïŋ― - ULUPELïŋ―T,,9,,,
27358,37,ïŋ―ïŋ―LE-DEïŋ―ïŋ―RMENïŋ―AYIRI,ïŋ―ïŋ―LE - DEïŋ―ïŋ―RMENïŋ―AYIRI,,9,,,
7485,37,Aïŋ―VA - Gïŋ―ïŋ―E-GEREDELïŋ―-KALEMKïŋ―Y,Aïŋ―VA-Gïŋ―ïŋ―E-GEREDELïŋ―-KALEMKïŋ―Y,,9,,,
7279,37,Aïŋ―VA-BUCAKLI-ïŋ―ELEBïŋ―Kïŋ―Y,Aïŋ―VA - BUCAKLI-ïŋ―ELEBïŋ―Kïŋ―Y,,9,,,
7477,37,ïŋ―ïŋ―LE-KARAMANDERE-ïŋ―MRENDERE-OVACIK,ïŋ―ïŋ―LE - KARAMANDERE-ïŋ―MRENDERE-OVACIK,,9,,,
7275,37,ïŋ―ïŋ―LE-KIZILCAKïŋ―Y,ïŋ―ïŋ―LE - KIZILCAKïŋ―Y,,9,,,
27353,37,SULTANBEYLïŋ―-MECïŋ―Dïŋ―YE-DUDULLU,SULTANBEYLïŋ― - SARIGAZïŋ― - DUDULLU,,9,,,
7364,37,SULTANBEYLïŋ―-YENïŋ―DOïŋ―AN,SULTANBEYLïŋ― - AYDOS - YENïŋ―DOGAN -  KURTKïŋ―Y,,9,,,
7362,37,SULTANBEYLïŋ― DEVLET HASTANESïŋ―-SULTANBEYLïŋ―-KURTKïŋ―Y,SULTANBEYLïŋ― - AYDOS - YENïŋ―DOGAN -  KURTKïŋ―Y,,9,,,
7359,37,SULTANBEYLïŋ―-SULTANBEYLïŋ― DEVLET HASTANESïŋ―-YENïŋ―DOïŋ―AN,SULTANBEYLïŋ― - AYDOS - YENïŋ―DOGAN -  KURTKïŋ―Y,,9,,,
7366,37,SULTANBEYLïŋ― ïŋ― ïŋ―AMLIK MAHALLESïŋ―,SULTANBEYLïŋ― - AYDOS - YENïŋ―DOGAN -  KURTKïŋ―Y,,9,,,
7360,37,SULTANBEYLïŋ―-AYDOS,SULTANBEYLïŋ― - AYDOS - YENïŋ―DOGAN -  KURTKïŋ―Y,,9,,,
7489,37,KARTAL-YAKACIK -SAMANDIRA-S.BEYLïŋ―-YENïŋ―ïŋ―EHïŋ―R Vïŋ―APORT,KARTAL-YAKACIK -SAMANDIRA-S.BEYLïŋ―-YENïŋ―ïŋ―EHïŋ―R Vïŋ―APORT,,9,,,
27347,37,PENDïŋ―K-Kïŋ―PTAïŋ― KONUTLARI,PENDïŋ―K - KURTKïŋ―Y - HARMANDERE - ORHANLI,,9,,,
7332,37,PENDïŋ―K-PENDïŋ―K Eïŋ―ïŋ―Tïŋ―M VE ARAïŋ―TIRMA HASTANESïŋ―-403 K*,PENDïŋ―K - KURTKïŋ―Y - HARMANDERE - ORHANLI,,9,,,
27208,37,DUDULLU-SARIGAZïŋ― MAHALLESïŋ―-YENïŋ―DOïŋ―AN MAHALLESïŋ―-Hïŋ―LAL MAHALLESïŋ―,DUDULLU - ESENïŋ―EHïŋ―R - SARIGAZïŋ― - TAïŋ―DELEN - YENïŋ―DOïŋ―AN - ABDURRAHMANGAZïŋ― - Hïŋ―LAL MAH.,,9,,,
27276,37,ïŋ―MRANïŋ―YE ïŋ― ïŋ―AKMAK MH. ïŋ― TATLISU MAH.ATATïŋ―RK MAH.KAYIïŋ―DAïŋ―I MAH.,ïŋ―MRANïŋ―YE - ïŋ―AKMAK -  ATAïŋ―EHïŋ―R - KAYIïŋ―DAïŋ―I,,9,,,
27207,37,DUDULLU -SARIGAZïŋ―-YENïŋ―DOïŋ―AN -ABDURRAHMANGAZïŋ―,DUDULLU - ESENïŋ―EHïŋ―R - SARIGAZïŋ― - TAïŋ―DELEN - YENïŋ―DOïŋ―AN - ABDURRAHMANGAZïŋ― - Hïŋ―LAL MAH.,,9,,,
27206,37,DUDULLU - HUZUR MAH. - ïŋ―AHïŋ―NTEPE - MERKEZ MAHALLESïŋ―,ïŋ―MRANïŋ―YE Eïŋ―T. VE ARAïŋ―.HAST. - CEMïŋ―L MERïŋ―ïŋ― MAH. ïŋ― A. YAVUZ MAH. - DUDULLU - MERKEZ MAH.,,9,,,
27205,37,DUDULLU - HUZUR MAH. - MERKEZ MAHALLESïŋ―,ïŋ―MRANïŋ―YE Eïŋ―T. VE ARAïŋ―.HAST. - CEMïŋ―L MERïŋ―ïŋ― MAH. ïŋ― A. YAVUZ MAH. - DUDULLU - MERKEZ MAH.,,9,,,
7404,37,Bïŋ―Yïŋ―Kïŋ―EKMECE-ZAFER MAHALLESïŋ―,Bïŋ―Yïŋ―Kïŋ―EKMECE - ESENYURT,,9,,,
7406,37,2.Gïŋ―ZERGAH,Bïŋ―Yïŋ―Kïŋ―EKMECE - ESENYURT,,9,,,
7467,37,Bïŋ―Yïŋ―Kïŋ―EKMECE-DOïŋ―AN ARASLI-Mïŋ―MSAN,Bïŋ―Yïŋ―Kïŋ―EKMECE - ESENYURT,,9,,,
7419,37,ïŋ―SKïŋ―DAR-ïŋ―MRANïŋ―YE-ALEMDAïŋ―,ïŋ―SKïŋ―DAR - ïŋ―MRANïŋ―YE - ALEMDAïŋ― - REïŋ―ADïŋ―YE,,9,,,
7388,37,ïŋ―skïŋ―dar-ïŋ―mraniye-Tavukïŋ―uyolu-Alemdaïŋ―,ïŋ―SKïŋ―DAR - ïŋ―MRANïŋ―YE - ALEMDAïŋ― - REïŋ―ADïŋ―YE,,9,,,
7418,37,KADIKïŋ―Y-YENïŋ―SAHRA-BATI ATAïŋ―EHïŋ―R-TEPEïŋ―STïŋ― METRO,KADIKïŋ―Y-YENïŋ―SAHRA - BATI ATAïŋ―EHïŋ―R - TEPEïŋ―STïŋ― METRO - ïŋ―ERïŋ―FALïŋ― MAH.,,9,,,
7384,37,KADIKïŋ―Y-YENïŋ―SAHRA-ïŋ―AMLIK-YUKARI DUDULLU,KADIKïŋ―Y-YENïŋ―SAHRA - BATI ATAïŋ―EHïŋ―R - TEPEïŋ―STïŋ― METRO - ïŋ―ERïŋ―FALïŋ― MAH.,,9,,,
7383,37,KADIKïŋ―Y-YENïŋ―SAHRA-TEPEïŋ―STïŋ― METRO,KADIKïŋ―Y-YENïŋ―SAHRA - BATI ATAïŋ―EHïŋ―R - TEPEïŋ―STïŋ― METRO - ïŋ―ERïŋ―FALïŋ― MAH.,,9,,,
7284,37,ïŋ―MRANïŋ―YE ïŋ― ïŋ―AKMAK MH. ïŋ― ïŋ―AMLIK MH.ïŋ― ATATïŋ―RK MH. ïŋ― KAYIïŋ―DAïŋ―I MH.,ïŋ―MRANïŋ―YE - ïŋ―AKMAK -  ATAïŋ―EHïŋ―R - KAYIïŋ―DAïŋ―I,,9,,,
7281,37,ïŋ―MRANïŋ―YE (SANTRAL)-ELMALIKENT-DUMLUPINAR-Gïŋ―KSU,ïŋ―MRANïŋ―YE (SANTRAL) ïŋ― ELMALIKENT ïŋ― DUMLUPINAR - Gïŋ―KSU,,9,,,
7250,37,ïŋ―SKïŋ―DAR - Kïŋ―RAZLITEPE MAH - FERAH MAH - TANTAVïŋ― MAH - ELMALIKENT MAH,ïŋ―SKïŋ―DAR - Kïŋ―RAZLITEPE MAH - FERAH MAH - TANTAVïŋ― MAH - ELMALIKENT MAH,,9,,,
7115,37,ESENTEPE MH. - Kïŋ―ïŋ―ïŋ―KKïŋ―Y - GAZïŋ―OSMANPAïŋ―A-EYïŋ―P,ESENTEPE MH. - Kïŋ―ïŋ―ïŋ―KKïŋ―Y - GAZïŋ―OSMANPAïŋ―A-EYïŋ―P,,9,,,
7397,37,ïŋ―SKïŋ―DAR-BAïŋ―LARBAïŋ―I-KISIKLI-ïŋ―RNEK MAH.-ESATPAïŋ―A,ïŋ―SKïŋ―DAR - ïŋ―RNEK MH. - ESATPAïŋ―A MH.,,9,,,
7263,37,CEBECïŋ―-Kïŋ―ïŋ―ïŋ―KKïŋ―Y-EYïŋ―P,CEBECïŋ― - GAZïŋ― MH - Kïŋ―ïŋ―ïŋ―KKïŋ―Y - GAZïŋ―OSMANPAïŋ―A - EYïŋ―P,,9,,,
7139,37,AVCILAR-TOKAT MH,AVCILAR - ESENYURT,,9,,,
7478,37,Bïŋ―Yïŋ―Kïŋ―EKMECE- TEPECïŋ―K - Tïŋ―RKOBA Rïŋ―NG Gïŋ―ZERGAHI,Bïŋ―Yïŋ―Kïŋ―EKMECE- Tïŋ―RKOBA- TEPEKENT,,9,,,
7215,37,NUR Sïŋ―TESïŋ―-TOPKAPI 1,CEVATPAïŋ―A - B.PAïŋ―A - OTOGAR - EYïŋ―P - EDïŋ―RNEKAPI,,9,,,
7511,37,BAHïŋ―EKïŋ―Y-TARABYA BAYIRI,Zïŋ―NCïŋ―RLïŋ―KUYU,,9,,,
7261,37,HEKïŋ―MBAïŋ―I-ANADOLU Hïŋ―SARI-KAVACIK-ïŋ―AVUïŋ―BAïŋ―I,ANADOLU Hïŋ―SARI - KAVACIK - ïŋ―AVUïŋ―BAïŋ―I,,9,,,
7248,37,KADIKïŋ―Y-CAPïŋ―TOL-Kïŋ―RAZLITEPE MAHALLESïŋ―,KADIKïŋ―Y - POLïŋ―S HASTANESïŋ―-EMNïŋ―YET MAHALLESïŋ―,,9,,,
7347,37,MALTEPE-Zïŋ―MRïŋ―TEVLER-NARCïŋ―TY-Kïŋ―PTAïŋ―,MALTEPE - Zïŋ―MRïŋ―TEVLER,,9,,,
7336,37,PENDïŋ―K-ESENLER MAHALLESïŋ―,PENDïŋ―K - KAYNARCA - ESENYALI MH.,,9,,,
7289,37,KARTAL-SOïŋ―ANLIK-YAKACIK-Uïŋ―UR MUMCU-ORTADAïŋ―,KARTAL-SOïŋ―ANLIK-YAKACIK-AKPINARMAH.-SAMANDIRA-YENïŋ―DOïŋ―AN,,9,,,
7257,37,KARTAL-TOPSELVïŋ―-SAPANBAïŋ―LARI,KARTAL - TOPSELVïŋ―,,9,,,
7378,37,KARTAL-KADIKïŋ―Y,KADIKïŋ―Y - KARTAL,,9,,,
7479,37,ATAKïŋ―Y-ïŋ―ïŋ―Rïŋ―NEVLER METRO-ATAKïŋ―Y PLUS AVM Rïŋ―NG,BAKIRKïŋ―Y - ATAKïŋ―Y,,9,,,
7427,37,CEBECïŋ― MAH-TOPKAPI 2,GAZïŋ― MAHALLESïŋ― - CEBECïŋ― - Kïŋ―ïŋ―ïŋ―KKïŋ―Y - EDïŋ―RNEKAPI,,9,,,
7238,37,ïŋ―SKïŋ―DAR-ïŋ―ENGELKïŋ―Y-TALïŋ―MHANE-RASATHANE,ïŋ―SKïŋ―DAR - ïŋ―ENGELKïŋ―Y - TALïŋ―MHANE - ïŋ―MRANïŋ―YE,,9,,,
7184,37,ïŋ―ïŋ―ïŋ―Lïŋ―-Gïŋ―KTïŋ―RK,ïŋ―ïŋ―ïŋ―Lïŋ― - KAïŋ―ITHANE - Gïŋ―ZELTEPE - ABDURAHMAN MH.,,9,,,
7202,37,SEFAKïŋ―Y - ïŋ―STOïŋ―,SEFAKïŋ―Y - MEHMET AKïŋ―F - ïŋ―STOïŋ―,,9,,,
7507,37,Hacïŋ―osman-Beïŋ―iktaïŋ―,Sarïŋ―yer,,9,,,
7164,37,YAHYA KEMAL-DERE CADDESïŋ―-NOBEL ïŋ―LAïŋ― FABRïŋ―KASI2,ïŋ―ïŋ―ïŋ―Lïŋ― - ïŋ―Aïŋ―LAYAN - Y.KEMAL - Gïŋ―LTEPE - 4.LEVENT,,9,,,
7131,37,ïŋ―NCïŋ―RLïŋ―-ORMANTEPE,ïŋ―AVUïŋ―PAïŋ―A - BAHïŋ―ELïŋ―EVLER - ïŋ―NCïŋ―RLïŋ―,,9,,,
7181,37,TOPKAPI-Gïŋ―NGïŋ―REN-BAïŋ―CILAR-OTOCENTER-42 EVLER,100.YIL MH - BAïŋ―CILAR - TOPKAPI,,9,,,
7412,37,BEYLïŋ―KDïŋ―Zïŋ― KAYMAKAMLIïŋ―I-Bïŋ―Yïŋ―Kïŋ―EKMECE,B.ïŋ―EKMECE - Gïŋ―RPINAR - YAKUPLU - BEYLïŋ―KDïŋ―Zïŋ―,,9,,,
7282,37,DUDULLU-ïŋ―AHïŋ―NTEPE,DUDULLU - ïŋ―AHïŋ―NTEPE,,9,,,
7260,37,MARMARA ïŋ―N. PENDïŋ―K Eïŋ―ïŋ―Tïŋ―M VE ARïŋ―. HASTANESïŋ―,PENDïŋ―K - Gïŋ―ZDAïŋ―I,,9,,,
7376,37,SANTRAL(ïŋ―MRANïŋ―YE)-YAVUZTïŋ―RK,ïŋ―MRANïŋ―YE(SANTRAL) - YAVUZTïŋ―RK MH.,,9,,,
7518,37,Bïŋ―Yïŋ―Kïŋ―EKMECE-TEPEKENT B KAPISI Rïŋ―NG Gïŋ―ZERGAH,Bïŋ―Yïŋ―Kïŋ―EKMECE- Tïŋ―RKOBA- TEPEKENT,,9,,,
7444,37,ïŋ―NCïŋ―RLïŋ―-BAïŋ―LAR MAH,ïŋ―NCïŋ―RLïŋ― - EVREN MH. - BAïŋ―CILAR,,9,,,
7268,37,ïŋ―ATALCA DEVLET HASTANESïŋ―-YAZLIK Kïŋ―Yïŋ―,ïŋ―ATALCA DEVLET HASTANESïŋ― - YAZLIK Kïŋ―Yïŋ―,,9,,,
7256,37,AYDINLI TOKïŋ― KONUTLAR-ïŋ―ïŋ―MELER-DENïŋ―Z HARP OKULU,TERSANELER - TUZLA - AYDINLI - ORHANLI,,9,,,
7301,37,PENDïŋ―K-ORHANLI,PENDïŋ―K - KURTKïŋ―Y - HARMANDERE - ORHANLI,,9,,,
7345,37,Aïŋ―VA - DEïŋ―ïŋ―RMENïŋ―AYIRI,Aïŋ―VA-DEïŋ―ïŋ―RMENïŋ―AYIRI,,9,,,
7431,37,"PENDÄ°K ANADOLU Ä°MAM HATÄ°P LÄ°SESÄ°-YAKACIK,ADNAN KAHVECÄ° METRO Ä°STASYONU",KARTAL - TOPSELVÄ°,,9,,,
7373,37,ABDURRAHMANGAZïŋ―-YENïŋ―DOïŋ―AN-SARIGAZïŋ―-DUDULLU,DUDULLU - SARIGAZïŋ― - TAïŋ―DELEN - YENïŋ―DOïŋ―AN-A.GAZïŋ―,,9,,,
7351,37,ïŋ―NCïŋ―RLïŋ―-KOCASïŋ―NAN,ïŋ―NCïŋ―RLïŋ― - EVREN MH. - BAïŋ―CILAR,,9,,,
7142,37,BAKIRKïŋ―Y - OSMANïŋ―YE,BAKIRKïŋ―Y - OSMANïŋ―YE,,9,,,
7258,37,PENDïŋ―K-Gïŋ―ZDAïŋ―I,PENDïŋ―K - Gïŋ―ZDAïŋ―I,,9,,,
7439,37,BAKIRKïŋ―Y-ADLïŋ―YE-METRO,BAKIRKïŋ―Y - METRO - TOPKAPI,,9,,,
7331,37,PENDïŋ―K-MARMARA ïŋ―NV. PENDïŋ―K Eïŋ―T. VE ARïŋ― HAS. 2,PENDïŋ―K - KURTKïŋ―Y - HARMANDERE - ORHANLI,,9,,,
7443,37,TOPKAPI-BASIN Sïŋ―TESïŋ―-RADAR,TOPKAPI - YAYLA - ïŋ―AVUïŋ―PAïŋ―A - OTOSANAYïŋ―,,9,,,
7156,37,ïŋ―ïŋ―ïŋ―Lïŋ―-Zïŋ―NCïŋ―RLïŋ―DERE,ïŋ―ïŋ―ïŋ―Lïŋ― - ïŋ―Aïŋ―LAYAN - Y.KEMAL - Gïŋ―LTEPE - 4.LEVENT,,9,,,
7481,37,ïŋ―ïŋ―LE MERKEZ Rïŋ―NG,ïŋ―ïŋ―LE MERKEZ Rïŋ―NG - PLAJ,,9,,,
7488,37,BEZMïŋ―ALEM VAKIF ïŋ―NV. HASTANESïŋ― - Gïŋ―LSUYU - Gïŋ―LENSU,MALTEPE - Gïŋ―LSUYU - Gïŋ―LENSU,,9,,,
7305,37,ïŋ―STOïŋ―-BAïŋ―CILAR DEVLET HASTANESïŋ―,TOPKAPI - ïŋ―ïŋ―FTLïŋ―K - FATïŋ―H MAHALLESïŋ― - ïŋ―STOïŋ―,,9,,,
7391,37,MALTEPE-Gïŋ―LSUYU-Gïŋ―LENSU,MALTEPE - Gïŋ―LSUYU - Gïŋ―LENSU,,9,,,
7175,37,ïŋ―Aïŋ―LAYAN-EDïŋ―RNEKAPI-TOPKAPI,ïŋ―Aïŋ―LAYAN - TOPKAPI,,9,,,
7234,37,PENDïŋ―K-AYDOS-Hïŋ―LAL KONUTLARI,PENDïŋ―K - AYDOS - Hïŋ―LAL KONUTLARI,,9,,,
7299,37,TOPKAPI-ATEïŋ―TUïŋ―LA-EVREN MH.,TOPKAPI - ïŋ―ïŋ―FTLïŋ―K - FATïŋ―H MAHALLESïŋ― - ïŋ―STOïŋ―,,9,,,
7445,37,ïŋ―NCïŋ―RLïŋ―-BARBAROS MAH.,ïŋ―NCïŋ―RLïŋ― - EVREN MH. - BAïŋ―CILAR,,9,,,
7151,37,SEFAKïŋ―Y-Gïŋ―VERCïŋ―NTEPE-KAYAïŋ―EHïŋ―R,SEFAKïŋ―Y - KAYABAïŋ―I - BOïŋ―AZKïŋ―Y,,9,,,
7127,37,TOPKAPI-ALïŋ―BEYKïŋ―Y-ATATïŋ―RK CAD.-AKïŋ―EMSETTïŋ―N BULVARI,KARAYOLLARI-ïŋ―.H.L - ALïŋ―BEYKïŋ―Y - EYïŋ―P - EDïŋ―RNEKAPI -TOPKAPI,,9,,,
7387,37,ïŋ―SKïŋ―DAR-BAïŋ―LARBAïŋ―I-ïŋ―MRANïŋ―YE-DUDULLU-ALEMDAïŋ―,ïŋ―SKïŋ―DAR - ïŋ―MRANïŋ―YE - ALEMDAïŋ―,,9,,,
7435,37,DEREAïŋ―ZI MH-YAKUPLU HASIRCILAR ïŋ―ïŋ― MERKEZïŋ―,B.ïŋ―EKMECE - Gïŋ―RPINAR - YAKUPLU - BEYLïŋ―KDïŋ―Zïŋ―,,9,,,
7446,37,ïŋ―NCïŋ―RLïŋ―-YENïŋ―MAHALLE,ïŋ―NCïŋ―RLïŋ― - EVREN MH. - BAïŋ―CILAR,,9,,,
7194,37,KADIKïŋ―Y-D-100-ïŋ―NALAN-SOYAK-BULGURLU,KADIKïŋ―Y - ACIBADEM - ïŋ―NALAN MH. - BULGURLU MH.,,9,,,
7304,37,TOPKAPI-ïŋ―ïŋ―FTLïŋ―K-Gïŋ―ZTEPE MH-ïŋ―STOïŋ―,TOPKAPI - ïŋ―ïŋ―FTLïŋ―K - FATïŋ―H MAHALLESïŋ― - ïŋ―STOïŋ―,,9,,,
7269,37,EDïŋ―RNEKAPI-HAL  (MEGA CENTER),CEVATPAïŋ―A - B.PAïŋ―A - OTOGAR - EYïŋ―P - EDïŋ―RNEKAPI,,9,,,
7134,37,TOPKAPI-ALïŋ―BEYKïŋ―Y-ATATïŋ―RK CAD.-AKïŋ―EMSETTïŋ―N BULVARI-Vïŋ―ALAND,KARAYOLLARI-ïŋ―.H.L - ALïŋ―BEYKïŋ―Y - EYïŋ―P - EDïŋ―RNEKAPI -TOPKAPI,,9,,,
7166,37,OTOGAR-EDïŋ―RNEKAPI,CEVATPAïŋ―A - BAYRAMPAïŋ―A - OTOGAR - EYïŋ―P - EDïŋ―RNEKAPI,,9,,,
7123,37,TOPKAPI-ALïŋ―BEYKïŋ―Y-Gïŋ―ZELTEPE MAH.,KARAYOLLARI-ïŋ―.H.L - ALïŋ―BEYKïŋ―Y - EYïŋ―P - EDïŋ―RNEKAPI -TOPKAPI,,9,,,
7186,37,GAZïŋ― MH.-TOPKAPI 1,CEVATPAïŋ―A - BAYRAMPAïŋ―A - OTOGAR - EYïŋ―P - EDïŋ―RNEKAPI,,9,,,
7125,37,ïŋ―NCïŋ―RLïŋ―-YENïŋ―BOSNA AKTARMA MERKEZïŋ―,ïŋ―AVUïŋ―PAïŋ―A-BAHïŋ―ELïŋ―EVLER-ïŋ―NCïŋ―RLïŋ―,,9,,,
7290,37,Gïŋ―ZELTEPE - Fïŋ―NANSKENT - A.Kïŋ―Y CEP OTOGARI - GOP,KARAYOLLARI-ïŋ―.H.L - ALïŋ―BEYKïŋ―Y - EYïŋ―P - EDïŋ―RNEKAPI -TOPKAPI,,9,,,
7442,37,TOPKAPI-YAYLA-ïŋ―AVUïŋ―PAïŋ―A,TOPKAPI - YAYLA - ïŋ―AVUïŋ―PAïŋ―A - OTOSANAYïŋ―,,9,,,
7176,37,ïŋ―ïŋ―ïŋ―Lïŋ―-KAïŋ―ITHANE-Gïŋ―ZELTEPE,ïŋ―ïŋ―ïŋ―Lïŋ― - KAïŋ―ITHANE - Gïŋ―ZELTEPE - ABDURAHMAN MH.,,9,,,
7276,37,ïŋ―MRANïŋ―YE-HEKïŋ―MBAïŋ―I,ïŋ―MRANïŋ―YE - HEKïŋ―MBAïŋ―I MH.,,9,,,
7307,37,Kïŋ―ïŋ―ïŋ―Kïŋ―EKMECE-TAHTAKALE,Kïŋ―ïŋ―ïŋ―Kïŋ―EKMECE - KAYABAïŋ―I - TAHTAKALE,,9,,,
7322,37,TOPKAPI-ESENLER-TABYA,100.YIL - ATIïŋ―ALANI - ESENLER - TOPKAPI,,9,,,
7187,37,DEPREM KONUTLARI-ïŋ―Kïŋ―TELLïŋ―-ïŋ―STOïŋ―-OTOGAR,TOPKAPI - OTOGAR - M. AKïŋ―F MAH - DEPREM KONUTLARI,,9,,,
7138,37,AVCILAR-KARAAïŋ―Aïŋ―,AVCILAR - ESENYURT,,9,,,
7286,37,KARTAL-YAKACIK-U.MUMCU-ORTADAïŋ―-SAMANDIRA-PAïŋ―AKïŋ―Y,KARTAL -YAKACIK -SAMANDIRA -PAïŋ―AKïŋ―Y -FERHATPAïŋ―A,,9,,,
7370,37,SEFAKïŋ―Y-KANARYA-BELEDïŋ―YE,Kïŋ―ïŋ―ïŋ―Kïŋ―EKMECE - SEFAKïŋ―Y - SULTAN MURAT,,9,,,
7343,37,KARTAL-Gïŋ―LSUYU Kïŋ―PRïŋ―Lïŋ― KAVïŋ―Aïŋ―I-ESENKENT,KARTAL - ESENKENT,,9,,,
7235,37,KULELïŋ― - KAYAïŋ―EHïŋ―R,KULELïŋ― - Gïŋ―VERCïŋ―NTEPE - ïŋ―AHïŋ―NTEPE - TAHTAKALE,,9,,,
7251,37,TERSANELER-ïŋ―ïŋ―MELER-AYDINLI-ORHANLI(ORTA MAH),TERSANELER - TUZLA - AYDINLI - ORHANLI,,9,,,
7148,37,TAHTAKALE-Yïŋ―ZYIL,KULELïŋ― - DEPREM KONUTLARI - ONURKENT - KAYAïŋ―EHïŋ―R,,9,,,
7152,37,TOPKAPI-OYAK Sïŋ―TESïŋ―-SEYRANTEPE,TOPKAPI - OYAK Sïŋ―TESïŋ― - SEYRANTEPE,,9,,,
7236,37,PENDïŋ―K-MARMARA ïŋ―NV. PENDïŋ―K Eïŋ―T. VE ARïŋ― HAS. 1,PENDïŋ―K - AYDOS - Hïŋ―LAL KONUTLARI,,9,,,
7344,37,MALTEPE-Zïŋ―MRïŋ―TEVLER-NARLIDERE,MALTEPE - Zïŋ―MRïŋ―TEVLER,,9,,,
7183,37,ïŋ―Kïŋ―TELLïŋ― ORG.S-MEHMET AKïŋ―F MH.-Gïŋ―ZTEPE MH.-OTOGAR,TOPKAPI - OTOGAR - M. AKïŋ―F MAH - DEPREM KONUTLARI,,9,,,
7108,37,BAKIRKïŋ―Y ïŋ― BAïŋ―CILAR ïŋ― KEMALPAïŋ―A Gïŋ―ZERGAHI-2,BAKIRKïŋ―Y - BAïŋ―CILAR - KEMALPAïŋ―A MH. - ïŋ―ïŋ―Rïŋ―NEVLER,,9,,,
7465,37,Bïŋ―Yïŋ―Kïŋ―EKMECE-MURATïŋ―Eïŋ―ME,Bïŋ―Yïŋ―Kïŋ―EKMECE - Mïŋ―MARSïŋ―NAN,,9,,,
7113,37,BAKIRKïŋ―Y ïŋ― SOïŋ―ANLI-BAKIRKïŋ―Y,BAKIRKïŋ―Y - BAïŋ―CILAR - KEMALPAïŋ―A MH. - ïŋ―ïŋ―Rïŋ―NEVLER,,9,,,
7120,37,Kïŋ―ïŋ―ïŋ―Kïŋ―EKMECE-AVCILAR-Sïŋ―TELER (REïŋ―ïŋ―T PAïŋ―A CAD.),Kïŋ―ïŋ―ïŋ―Kïŋ―EKMECE - AVCILAR - BEYLïŋ―KDïŋ―Zïŋ―,,9,,,
7122,37,K.ïŋ―EKMECE-AVCILAR-ïŋ―. MARMARA EVLERïŋ― KAVAKLI KENT,Kïŋ―ïŋ―ïŋ―Kïŋ―EKMECE - AVCILAR - BEYLïŋ―KDïŋ―Zïŋ―,,9,,,
7144,37,ïŋ―.EVLER-KULELïŋ―-CEMAL ULUSOY-HALKALI-B.ïŋ―EHïŋ―R4.ETAP,ïŋ―.EVLER - KULELïŋ― - HALKALI - BAïŋ―AKïŋ―EHïŋ―R,,9,,,
7346,37,B.EVLER METRO-BASIN Sïŋ―TESïŋ―-ïŋ―AVUïŋ―PAïŋ―A-OTO SANAYïŋ―,TOPKAPI - YAYLA - ïŋ―AVUïŋ―PAïŋ―A - OTOSANAYïŋ―,,9,,,
7121,37,Kïŋ―ïŋ―ïŋ―Kïŋ―EKMECE-AVCILAR - BEYLïŋ―KDïŋ―Zïŋ― TOPLU KONUTLARI,Kïŋ―ïŋ―ïŋ―Kïŋ―EKMECE - AVCILAR - BEYLïŋ―KDïŋ―Zïŋ―,,9,,,
7407,37,Bïŋ―Yïŋ―Kïŋ―EKMECE - KIRAïŋ―,Bïŋ―Yïŋ―Kïŋ―EKMECE - KIRAïŋ―,,9,,,
7396,37,KADIKïŋ―Y-D/100-ïŋ―RNEK MAH.-ESATPAïŋ―A-EYïŋ―BOïŋ―LU,KADIKïŋ―Y - ïŋ―RNEK MH - M.KEMAL MH. - EYïŋ―BOïŋ―LU,,9,,,
7295,37,PENDïŋ―K-AYDINLI Kïŋ―Yïŋ―-DERïŋ― SANAYïŋ―,PENDïŋ―K - AYDINLI Kïŋ―Yïŋ― - DERïŋ― SANAYïŋ―ïŋ―,,9,,,
7126,37,ïŋ―ïŋ―Rïŋ―NEVLER-ORMANTEPE SK. 1.Gïŋ―ZERGAH (PARSELLER),ïŋ―AVUïŋ―PAïŋ―A-BAHïŋ―ELïŋ―EVLER-ïŋ―NCïŋ―RLïŋ―,,9,,,
7483,37,ïŋ―ïŋ―LE MERKEZ - PLAJ,ïŋ―ïŋ―LE MERKEZ Rïŋ―NG-PLAJ,,9,,,
7459,37,1.Gïŋ―ZERGAH,Bïŋ―Yïŋ―Kïŋ―EKMECE - KUMBURGAZ,,9,,,
7313,37,AVCILAR-ïŋ―RNEK MAH,Kïŋ―ïŋ―ïŋ―Kïŋ―EKMECE - AVCILAR -  BALIK YOLU - ïŋ―RNEK MH.,,9,,,
7220,37,DUDULLU-ESENïŋ―EHïŋ―R-SARIGAZïŋ―,DUDULLU - ESENïŋ―EHïŋ―R,,9,,,
7169,37,ïŋ―ïŋ―ïŋ―Lïŋ―-CUMHURïŋ―YET CAD.- Gïŋ―KTïŋ―RK,Gïŋ―KTïŋ―RK - KEMERBURGAZ - ALïŋ―BEYKïŋ―Y - EYïŋ―P,,9,,,
7230,37,AHMET YESEVïŋ― MAH.-ESENYALI,AHMET YESEVïŋ― MH.(KURTKïŋ―REMïŋ―T) - ESENYALI,,9,,,
7246,37,ïŋ―MRANïŋ―YE-ESATPAïŋ―A-ïŋ―RNEK MAH.-Gïŋ―ZTEPE E.A.H.,ïŋ―MRANïŋ―YE - M.KEMAL MH. - ïŋ―RNEK MH.,,9,,,
7348,37,ïŋ―ïŋ―LE-ïŋ―AYIRBAïŋ―I Kïŋ―Yïŋ―,ïŋ―ïŋ―LE MERKEZ - ïŋ―AYIRBAïŋ―I Kïŋ―Yïŋ―,,9,,,
7316,37,HAMïŋ―Dïŋ―YE MAH-ANADOLU CAD-KAïŋ―ITHANE-ïŋ―ïŋ―ïŋ―Lïŋ―,ïŋ―ïŋ―ïŋ―Lïŋ― - KAïŋ―ITHANE - Gïŋ―ZELTEPE - ABDURAHMAN MH.,,9,,,
7198,37,ïŋ―ïŋ―Rïŋ―NEVLER-TAVUKïŋ―U DERESïŋ―- Gïŋ―Yïŋ―MKENT,ïŋ―ïŋ―Rïŋ―NEVLER - TAVUKïŋ―U DERESïŋ― - Gïŋ―Yïŋ―MKENT,,9,,,
7358,37,ïŋ―ïŋ―LE DERE Kïŋ―YLERïŋ―-ïŋ―SKïŋ―DAR,ïŋ―ïŋ―LE DERE Kïŋ―YLERïŋ―-ïŋ―SKïŋ―DAR,,9,,,
7211,37,MERTER-Eïŋ―REF Bïŋ―TLïŋ―S CAD.-Gïŋ―Yïŋ―MKENT,MERTER - ïŋ―ïŋ―Nïŋ―ïŋ―N DERESïŋ― - KARABAYIR - Gïŋ―Yïŋ―MKENT,,9,,,
7174,37,KADIKïŋ―Y-D100-ïŋ―NALAN-Lïŋ―BADïŋ―YE-BULGURLU,KADIKïŋ―Y - ACIBADEM - ïŋ―NALAN MH. - BULGURLU MH.,,9,,,
7239,37,ABDURRAHMANGAZïŋ―-YENïŋ―DOïŋ―AN-TAïŋ―DELEN-DUDULLU,DUDULLU - SARIGAZïŋ― - TAïŋ―DELEN - YENïŋ―DOïŋ―AN-A.GAZïŋ―,,9,,,
7449,37,Kïŋ―ïŋ―ïŋ―Kïŋ―EKMECE-TOKAT MAH.-BALIKYOLU,Kïŋ―ïŋ―ïŋ―Kïŋ―EKMECE - AVCILAR -  BALIK YOLU - ïŋ―RNEK MH.,,9,,,
7204,37,KULELïŋ―-K.SULTAN Sïŋ―LEYMAN HST-KAYABAïŋ―I,KULELïŋ― - Gïŋ―VERCïŋ―NTEPE - ïŋ―AHïŋ―NTEPE - TAHTAKALE,,9,,,
7309,37,BAKIRKïŋ―Y-ïŋ―ïŋ―Rïŋ―NEVLER-ïŋ―STOïŋ―-ïŋ―Kïŋ―TELLïŋ―,BAKIRKïŋ―Y - ïŋ―Kïŋ―TELLïŋ― - MAHMUTBEY,,9,,,
7394,37,MALTEPE-Bïŋ―Yïŋ―KBAKKALKïŋ―Y,MALTEPE - BAïŋ―IBïŋ―Yïŋ―K,,9,,,
7308,37,AVCILAR - BAïŋ―LARïŋ―Eïŋ―ME,AVCILAR - ESENYURT,,9,,,
7105,37,100.YIL MAH-BAïŋ―CILAR-HASTANE-TOPKAPI,100.YIL MH - BAïŋ―CILAR - TOPKAPI,,9,,,
7303,37,TOPKAPI-AYAZMA-BAïŋ―CILAR 1,100.YIL - ATIïŋ―ALANI - ESENLER - TOPKAPI,,9,,,
7209,37,ïŋ―AKMAK-ïŋ―MRANïŋ―YE-KAZIM KARABEKïŋ―R,ïŋ―AKMAK - ïŋ―MRANïŋ―YE - KAZIM KARABEKïŋ―R MH.,,9,,,
7219,37,BEYKOZ-AKBABA-DERSEKïŋ―-ALïŋ―BAHADIR-Rïŋ―VA,BEYKOZ - Rïŋ―VA,,9,,,
7415,37,ABDURRAHMANGAZïŋ―-YENïŋ―DOïŋ―AN-MADENLER-DUDULLU,DUDULLU - SARIGAZïŋ― - TAïŋ―DELEN - YENïŋ―DOïŋ―AN-A.GAZïŋ―,,9,,,
7302,37,TOPKAPI-FATïŋ―H MAH.-ïŋ―STOïŋ―,TOPKAPI - ïŋ―ïŋ―FTLïŋ―K - FATïŋ―H MAHALLESïŋ― - ïŋ―STOïŋ―,,9,,,
7229,37,PENDïŋ―K-ïŋ―ïŋ―FA MH,PENDïŋ―K - ïŋ―ïŋ―FA MH.,,9,,,
7306,37,BAKIRKïŋ―Y-ïŋ―ïŋ―Rïŋ―NEVLER-EVREN MAH,BAKIRKïŋ―Y - ïŋ―Kïŋ―TELLïŋ― - MAHMUTBEY,,9,,,
7300,37,TOPKAPI-ESENLER-ATIïŋ―ALANI-Yïŋ―ZYIL,100.YIL - ATIïŋ―ALANI - ESENLER - TOPKAPI,,9,,,
7266,37,BAKIRKïŋ―Y-HASTANE-ESENLER-ATIïŋ―ALANI-2,BAKIRKïŋ―Y - ESENLER - ATIïŋ―ALANI - OTOGAR,,9,,,
7403,37,BOSTANCI-TAVUKïŋ―U YOLU-DUDULLU,BOSTANCI - DUDULLU,,9,,,
7436,37,DEREAïŋ―ZI MH-Mïŋ―GROS AVM,B.ïŋ―EKMECE - Gïŋ―RPINAR - YAKUPLU - BEYLïŋ―KDïŋ―Zïŋ―,,9,,,
7223,37,ïŋ―ïŋ―ïŋ―HANE-YEïŋ―ïŋ―LPINAR-Vïŋ―ALAND,ïŋ―ïŋ―ïŋ―Lïŋ― - ïŋ―ïŋ―ïŋ―HANE - KARAYOLLARI - ïŋ―MAR BLOKLARI,,9,,,
7327,37,PENDïŋ―K-Hïŋ―LAL KONUTLARI,PENDïŋ―K - KURTKïŋ―Y - HARMANDERE - ORHANLI,,9,,,
7377,37,PENDïŋ―K-KADIKïŋ―Y,KADIKïŋ―Y - PENDïŋ―K,,9,,,
7341,37,PENDïŋ―K-KAVAKPINAR MAH.,PENDïŋ―K - KAYNARCA - ESENYALI MH.,,9,,,
7510,37,Bahïŋ―ekïŋ―y,Sarïŋ―yer,,9,,,
7274,37,ïŋ―ATALCA DEVLET HASTANESïŋ―-KALFA Kïŋ―Yïŋ―,ïŋ―ATALCA DEVLET HASTANESïŋ― - KALFA Kïŋ―Yïŋ―,,9,,,
7259,37,KARTAL-ESENTEPE-DEVLET HASTANESïŋ―-SOïŋ―ANLIK-YENïŋ― MH,KARTAL - ESENTEPE - DEVLET HASTANESïŋ―,,9,,,
7150,37,ELMALI-BEYKOZ-DEDEOïŋ―LU,ELMALI - BEYKOZ - DEDEOïŋ―LU,,9,,,
7193,37,ïŋ―ïŋ―ïŋ―Lïŋ―-ALïŋ―BEYKïŋ―Y-ïŋ―MAR BLOKLARI,ïŋ―ïŋ―ïŋ―Lïŋ― - ïŋ―ïŋ―ïŋ―HANE - KARAYOLLARI - ïŋ―MAR BLOKLARI,,9,,,
7199,37,Gïŋ―NEïŋ―Lïŋ―-MAHMUTBEY-SULTANïŋ―ïŋ―FTLïŋ―ïŋ―ïŋ―,MAHMUTBEY - SULTANïŋ―ïŋ―FTLïŋ―ïŋ―ïŋ―,,9,,,
7213,37,BAïŋ―CILAR - HABïŋ―BLER,BAïŋ―CILAR - HABïŋ―BLER,,9,,,
7185,37,TOPKAPI-AYAZMA-BAïŋ―CILAR 2,100.YIL MH - BAïŋ―CILAR - TOPKAPI,,9,,,
7252,37,KADIKïŋ―Y-POLïŋ―S HAST.,KADIKïŋ―Y - POLïŋ―S HASTANESïŋ―-EMNïŋ―YET MAHALLESïŋ―,,9,,,
7461,37,2. Gïŋ―ZERGAH,Bïŋ―Yïŋ―Kïŋ―EKMECE - KUMBURGAZ,,9,,,
7146,37,ïŋ―ïŋ―Rïŋ―NEVLER-KULELïŋ―-ZEYNEBïŋ―YYE-DEPREM KON.-KAYAïŋ―EHïŋ―R,KULELïŋ― - DEPREM KONUTLARI - ONURKENT - KAYAïŋ―EHïŋ―R,,9,,,
7136,37,AVCILAR-BOïŋ―AZKïŋ―Y,AVCILAR - ESENYURT,,9,,,
7114,37,BAKIRKïŋ―Y - YEïŋ―ïŋ―LYURT - YEïŋ―ïŋ―LKïŋ―Y,BAKIRKïŋ―Y - YEïŋ―ïŋ―LYURT - YEïŋ―ïŋ―LKïŋ―Y,,9,,,
7189,37,YILDIZTABYA-GOP-TOPKAPI,YILDIZTABYA- PAZARïŋ―ïŋ―ïŋ―- GOP- TOPKAPI,,9,,,
7486,37,EYïŋ―P - GAZïŋ―OSMANPAïŋ―A - BAYRAMPAïŋ―A,EYïŋ―P - ïŋ―ïŋ―ïŋ―EHïŋ―TLER-GAZïŋ―OSMANPAïŋ―A - BAYRAMPAïŋ―A,,9,,,
7240,37,ïŋ―SKïŋ―DAR-KOZYATAïŋ―I-ATAïŋ―EHïŋ―R,ïŋ―SKïŋ―DAR - ATAïŋ―EHïŋ―R-FERHATPAïŋ―A,,9,,,
7349,37,TOPKAPI-BAïŋ―CILAR-OTOCENTER,TOPKAPI - ïŋ―ïŋ―FTLïŋ―K - FATïŋ―H MAHALLESïŋ― - ïŋ―STOïŋ―,,9,,,
7340,37,EYïŋ―P-ïŋ―STOïŋ―,YILDIZTABYA - PAZARïŋ―ïŋ―ïŋ― - GOP - TOPKAPI,,9,,,
7277,37,ïŋ―MRANïŋ―YE-ïŋ―NKILAP MAH.-ERCAN,ïŋ―MRANïŋ―YE - ïŋ―NKILAP MH. - ERCAN,,9,,,
7195,37,ïŋ―ïŋ―ïŋ―Lïŋ―-YEïŋ―ïŋ―LPINAR-Vïŋ―ALAND,ïŋ―ïŋ―ïŋ―Lïŋ― - ïŋ―ïŋ―ïŋ―HANE - KARAYOLLARI - ïŋ―MAR BLOKLARI,,9,,,
7167,37,ïŋ―ïŋ―ïŋ―HANE-Pïŋ―YALEPAïŋ―A BULVARI-ïŋ―ïŋ―ïŋ―Lïŋ―,ïŋ―ïŋ―ïŋ―HANE - ïŋ―ïŋ―ïŋ―Lïŋ―,,9,,,
7210,37,MERTER - ïŋ―ïŋ―Nïŋ―ïŋ―N DERESïŋ― - KARABAYIR - Gïŋ―Yïŋ―MKENT,MERTER - ïŋ―ïŋ―Nïŋ―ïŋ―N DERESïŋ― - KARABAYIR - Gïŋ―Yïŋ―MKENT,,9,,,
7132,37,TOPKAPI-ALïŋ―BEYKïŋ―Y-ïŋ―MAR BLOKLARI,KARAYOLLARI-ïŋ―.H.L - ALïŋ―BEYKïŋ―Y - EYïŋ―P - EDïŋ―RNEKAPI -TOPKAPI,,9,,,
7484,37,KARTAL-KARLIKTEPE MH.Lïŋ―TFïŋ― KIRDAR-Eïŋ―T.VE ARAïŋ―T.HAS.,KARTAL-KARLIKTEPE MH.Lïŋ―TFïŋ― KIRDAR-Eïŋ―T.VE ARAïŋ―T.HAS.,,9,,,
7379,37,KADIKïŋ―Y-YAKACIK-Uïŋ―UR MUMCU,KADIKïŋ―Y - YAKACIK - Uïŋ―UR MUMCU MH.,,9,,,
7315,37,KULELïŋ―-SANAYïŋ―-TGRT-1,KULELïŋ― - TGRT - ïŋ―STOïŋ― - Gïŋ―Yïŋ―MKENT,,9,,,
7287,37,KARTAL-YAKACIK-U.MUMCU-Bïŋ―Yïŋ―K BAKKKALKïŋ―Y-FERHATPAïŋ―A,KARTAL -YAKACIK -SAMANDIRA -PAïŋ―AKïŋ―Y -FERHATPAïŋ―A,,9,,,
7413,37,CENNET- TEPEïŋ―STïŋ―-KANARYA-HASTANE,Kïŋ―ïŋ―ïŋ―Kïŋ―EKMECE - SEFAKïŋ―Y - SULTAN MURAT,,9,,,
7395,37,KADIKïŋ―Y-ïŋ―RNEK MAHALLESïŋ―-MUSTAFA KEMAL MAH,KADIKïŋ―Y - ïŋ―RNEK MH - M.KEMAL MH. - EYïŋ―BOïŋ―LU,,9,,,
7297,37,PENDïŋ―K-AYDINLI Kïŋ―Yïŋ―-DERïŋ― SANAYïŋ―-MERMERCïŋ―LER-Kïŋ―MYA*,PENDïŋ―K - AYDINLI Kïŋ―Yïŋ― - DERïŋ― SANAYïŋ―ïŋ―,,9,,,
7171,37,Gïŋ―KTïŋ―RK-EYïŋ―P,Gïŋ―KTïŋ―RK - KEMERBURGAZ - ALïŋ―BEYKïŋ―Y - EYïŋ―P,,9,,,
7135,37,AVCILAR-DELïŋ―KLïŋ―KAYA,AVCILAR - ESENYURT,,9,,,
7455,37,BAKIRKïŋ―Y-HASTANE-ESENLER-ATIïŋ―ALANI-1,BAKIRKïŋ―Y - ESENLER - ATIïŋ―ALANI - OTOGAR,,9,,,
7382,37,KADIKïŋ―Y-KAZASKER-ïŋ―ïŋ―ERENKïŋ―Y-ïŋ―Nïŋ―Nïŋ―-FERHATPAïŋ―A,KADIKïŋ―Y - Kïŋ―ïŋ―ïŋ―KBAKKALKïŋ―Y,,9,,,
7205,37,Kïŋ―ïŋ―ïŋ―Kïŋ―EKMECE-K.SULTAN Sïŋ―LEYMAN HAS. -ïŋ―AHïŋ―NTEPE 2,KULELïŋ― - Gïŋ―VERCïŋ―NTEPE - ïŋ―AHïŋ―NTEPE - TAHTAKALE,,9,,,
7288,37,TOPKAPI-ALïŋ―BEYKïŋ―Y-SAYA YOKUïŋ―U-KARAYOLARI,KARAYOLLARI-ïŋ―.H.L - ALïŋ―BEYKïŋ―Y - EYïŋ―P - EDïŋ―RNEKAPI -TOPKAPI,,9,,,
7188,37,ïŋ―ïŋ―ïŋ―Lïŋ―-CENGïŋ―Z TOPEL CD-YUNUS EMRE MAHALLESïŋ―,ïŋ―ïŋ―ïŋ―Lïŋ― - ïŋ―ïŋ―ïŋ―HANE - KARAYOLLARI - ïŋ―MAR BLOKLARI,,9,,,
7221,37,ORTAïŋ―Eïŋ―ME-KAVACIK-Rïŋ―ZGARLIBAHïŋ―E,ORTAïŋ―Eïŋ―ME - KAVACIK - Rïŋ―ZGARLIBAHïŋ―E,,9,,,
7110,37,BAKIRKïŋ―Y ïŋ― BAïŋ―CILAR ïŋ― KEMALPAïŋ―A Gïŋ―ZERGAHI-1,BAKIRKïŋ―Y - BAïŋ―CILAR - KEMALPAïŋ―A MH. - ïŋ―ïŋ―Rïŋ―NEVLER,,9,,,
7487,37,12.Gïŋ―ZERGAH,AVCILAR - ESENYURT,,9,,,
7192,37,ïŋ―ïŋ―ïŋ―HANE-CENGïŋ―Z TOPEL CD-YUNUS EMRE MAHALLESïŋ―,ïŋ―ïŋ―ïŋ―Lïŋ― - ïŋ―ïŋ―ïŋ―HANE - KARAYOLLARI - ïŋ―MAR BLOKLARI,,9,,,
7325,37,CEBECïŋ―- GAZïŋ―OSMANPAïŋ―A,CEBECïŋ― - GAZïŋ― MH - Kïŋ―ïŋ―ïŋ―KKïŋ―Y - GAZïŋ―OSMANPAïŋ―A - EYïŋ―P,,9,,,
7254,37,TERSANE-ïŋ―ïŋ―MELER Kïŋ―PRïŋ―Sïŋ― Rïŋ―NG,TERSANELER - TUZLA - AYDINLI - ORHANLI,,9,,,
7243,37,ïŋ―MRANïŋ―YE-N.KEMAL-M.KML-ïŋ―RN.MH-Gïŋ―Z.Eïŋ―.AR.H.,ïŋ―MRANïŋ―YE - M.KEMAL MH. - ïŋ―RNEK MH.,,9,,,
7441,37,SULTANBEYLïŋ―-FERHATPAïŋ―A (YEDïŋ―TEPE ïŋ―Nïŋ―VERSïŋ―TESïŋ―),SULTANBEYLïŋ― - SARIGAZïŋ― - DUDULLU,,9,,,
7389,37,KADIKïŋ―Y-KOïŋ―UYOLU-ïŋ―MRANïŋ―YE,KADIKïŋ―Y - KOïŋ―UYOLU - ïŋ―MRANïŋ―YE,,9,,,
7158,37,SOïŋ―UKSU-BASINKïŋ―Y,Kïŋ―ïŋ―ïŋ―Kïŋ―EKMECE - SEFAKïŋ―Y - SULTAN MURAT,,9,,,
7233,37,ïŋ―MRANïŋ―YE-TALïŋ―MHANE-ïŋ―ENGELKïŋ―Y,ïŋ―SKïŋ―DAR - ïŋ―ENGELKïŋ―Y - TALïŋ―MHANE - ïŋ―MRANïŋ―YE,,9,,,
7433,37,KARTAL-Hïŋ―RRïŋ―YET MAHALLESïŋ―-AKYILMAZ KONUTLARI,KARTAL - Hïŋ―RRïŋ―YET MH. - KARTAL CEZAEVïŋ―,,9,,,
7247,37,KADIKïŋ―Y-CAPïŋ―TOL-EMNïŋ―YET MAHALLESïŋ―,KADIKïŋ―Y - POLïŋ―S HASTANESïŋ―-EMNïŋ―YET MAHALLESïŋ―,,9,,,
7241,37,Sïŋ―LAHTARAïŋ―A CAD.-GOP-OTOGAR 2,YILDIZTABYA - PAZARïŋ―ïŋ―ïŋ― - GOP - TOPKAPI,,9,,,
7361,37,EVREN MAH-BAïŋ―CILAR DEVLET HASTANESïŋ―,ïŋ―NCïŋ―RLïŋ― - EVREN MH. - BAïŋ―CILAR,,9,,,
7161,37,YAHYA KEMAL- ïŋ―ïŋ―ïŋ―Lïŋ―,ïŋ―ïŋ―ïŋ―Lïŋ― - ïŋ―Aïŋ―LAYAN - Y.KEMAL - Gïŋ―LTEPE - 4.LEVENT,,9,,,
7163,37,YAHYA KEMAL-DERE CADDESïŋ―-NOBEL ïŋ―LAïŋ― FABRïŋ―KASI,ïŋ―ïŋ―ïŋ―Lïŋ― - ïŋ―Aïŋ―LAYAN - Y.KEMAL - Gïŋ―LTEPE - 4.LEVENT,,9,,,
7116,37,GOP-CENGïŋ―Z TOPEL CAD.-ïŋ―MAR BLOKLARI,GAZïŋ―OSMANPAïŋ―A ïŋ― ïŋ―MAR BLOKLARI,,9,,,
7447,37,ïŋ―NCïŋ―RLïŋ―- EVREN MAH-ïŋ―STOïŋ―,ïŋ―NCïŋ―RLïŋ― - EVREN MH. - BAïŋ―CILAR,,9,,,
7218,37,Gïŋ―ZELTEPE-ïŋ―STOïŋ―,KARAYOLLARI-ïŋ―.H.L - ALïŋ―BEYKïŋ―Y - EYïŋ―P - EDïŋ―RNEKAPI -TOPKAPI,,9,,,
7253,37,ïŋ―MRANïŋ―YE-ïŋ―AKMAK-DUDULLU-ïŋ―EKMEKïŋ―Y,ïŋ―MRANïŋ―YE - DUDULLU - ïŋ―EKMEKïŋ―Y - ïŋ―AHïŋ―NBEY,,9,,,
7374,37,ïŋ―AYIROVA KAVïŋ―Aïŋ―I-HAREM,GEBZE - HAREM,,9,,,
7334,37,PENDïŋ―K-PENDïŋ―K Eïŋ―ïŋ―Tïŋ―M VE ARAïŋ―TIRMA HASTANESïŋ―-Kïŋ―PTAïŋ―,PENDïŋ―K - KURTKïŋ―Y - HARMANDERE - ORHANLI,,9,,,
7296,37,BAKIRKïŋ―Y-ïŋ―ïŋ―Rïŋ―NEVLER-ïŋ―Kïŋ―TELLïŋ― Kïŋ―Yïŋ―ïŋ―ïŋ―,BAKIRKïŋ―Y - ïŋ―Kïŋ―TELLïŋ― - MAHMUTBEY,,9,,,
7231,37,TOPKAPI-ïŋ―Kïŋ―TELLïŋ―-DEPREM KONUTLARI-KAYAïŋ―EHïŋ―R,TOPKAPI - OTOGAR - M. AKïŋ―F MAH - DEPREM KONUTLARI,,9,,,
7320,37,EMLAK KONUT-AYDINTEPE MAH.YAYLA MAH.Vïŋ―A MARïŋ―NA,TERSANELER - TUZLA - AYDINLI - ORHANLI,,9,,,
7386,37,Bïŋ―Yïŋ―Kïŋ―EKMECE-KARAAïŋ―Aïŋ―,Bïŋ―Yïŋ―Kïŋ―EKMECE - BEYKENT,,9,,,
7107,37,ïŋ―NCïŋ―RLïŋ―-ïŋ―AVUïŋ―PAïŋ―A,ïŋ―AVUïŋ―PAïŋ―A-BAHïŋ―ELïŋ―EVLER-ïŋ―NCïŋ―RLïŋ―,,9,,,
7342,37,PENDïŋ―K-MARMARA ïŋ―NV. PENDïŋ―K Eïŋ―T. VE ARïŋ― HAS. 3,PENDïŋ―K - KAYNARCA - ESENYALI MH.,,9,,,
7357,37,KARTAL-KARTAL CEZAEVïŋ―-YAYALAR MAHALLESïŋ―,KARTAL - Hïŋ―RRïŋ―YET MH. - KARTAL CEZAEV,,9,,,
7222,37,AVCILAR-KIRAïŋ―2,AVCILAR - ESENYURT,,9,,,
7402,37,BOSTANCI-K.BAKKALKïŋ―Y-KAYIïŋ―DAïŋ―I-DUDULLU,BOSTANCI - DUDULLU,,9,,,
7380,37,KADIKïŋ―Y-Fïŋ―Kïŋ―RTEPE-Gïŋ―ZCïŋ―BABA-SAHRAYICEDïŋ―D,KADIKïŋ―Y - Fïŋ―Kïŋ―RTEPE - Gïŋ―ZCïŋ―BABA -SAHRAYICEDïŋ―D,,9,,,
7128,37,ïŋ―ïŋ―Rïŋ―NEVLER-ORMANTEPE SK. 2.Gïŋ―ZERGAH,ïŋ―AVUïŋ―PAïŋ―A-BAHïŋ―ELïŋ―EVLER-ïŋ―NCïŋ―RLïŋ―,,9,,,
7335,37,PENDïŋ―K-ESENYALI MAH.,PENDïŋ―K - KAYNARCA - ESENYALI MH.,,9,,,
7337,37,PENDïŋ―K-RAMAZANOïŋ―LU MAH.,PENDïŋ―K - KAYNARCA - ESENYALI MH.,,9,,,
7369,37,EVREN MAH.-BAïŋ―CILAR DEVLET HASTANE,TOPKAPI - ïŋ―ïŋ―FTLïŋ―K - FATïŋ―H MAHALLESïŋ― - ïŋ―STOïŋ―,,9,,,
7375,37,PENDïŋ―K-450 KONUTLAR-KARTAL CEZAEVïŋ―,PENDïŋ―K - 450.KONUTLAR - KARTAL CEZAEVïŋ―,,9,,,
7416,37,FERHATPAïŋ―A-BATI ATAïŋ―EHïŋ―R,KADIKïŋ―Y - Kïŋ―ïŋ―ïŋ―KBAKKALKïŋ―Y,,9,,,
7165,37,ïŋ―ïŋ―ïŋ―HANE-OKMEYDANI-ïŋ―ïŋ―ïŋ―Lïŋ―,ïŋ―ïŋ―ïŋ―HANE - ïŋ―ïŋ―ïŋ―Lïŋ―,,9,,,
7262,37,SEFAKïŋ―Y-BOïŋ―AZKïŋ―Y,SEFAKïŋ―Y - KAYABAïŋ―I - BOïŋ―AZKïŋ―Y,,9,,,
7197,37,TUZLA-PENDïŋ―K,PENDïŋ―K - TUZLA,,9,,,
7448,37,BAKIRKïŋ―Y-ïŋ―ïŋ―Rïŋ―NEVLER-FATïŋ―H MH.,BAKIRKïŋ―Y - ïŋ―Kïŋ―TELLïŋ― - MAHMUTBEY,,9,,,
7352,37,ïŋ―ïŋ―LE-KUMBABA-MEïŋ―RUTïŋ―YET Kïŋ―Yïŋ―-AHMETLïŋ― TOKïŋ―,ïŋ―ïŋ―LE - KUMBABA - MEïŋ―RUTïŋ―YET Kïŋ―Yïŋ―-AHMETLïŋ― TOKïŋ―,,9,,,
7196,37,BAKIRKïŋ―Y-ATAKïŋ―Y-Y.BOSNA METRO,BAKIRKïŋ―Y - ATAKïŋ―Y,,9,,,
7140,37,AVCILAR-KIRAïŋ―,AVCILAR - ESENYURT,,9,,,
7519,37,KADIKïŋ―Y-ACIBADEM-K.ïŋ―AMLICA-BULGURLU,KADIKïŋ―Y - ACIBADEM - ïŋ―NALAN MH. - BULGURLU MH.,,9,,,
7457,37,BAKIRKïŋ―Y-KULELïŋ―-ïŋ―STOïŋ―,KULELïŋ― - ïŋ―STOïŋ―,,9,,,
7201,37,Kïŋ―ïŋ―ïŋ―Kïŋ―EKMECE - SEFAKïŋ―Y - TEVFïŋ―KBEY MAH.,Kïŋ―ïŋ―ïŋ―Kïŋ―EKMECE - SEFAKïŋ―Y - TEVFïŋ―KBEY MAH.,,9,,,
7200,37,KULELïŋ― - YENïŋ―DOïŋ―AN,KULELïŋ― - YENïŋ―DOïŋ―AN,,9,,,
7228,37,AVCILAR - HARAMïŋ―DERE,AVCILAR - ESENYURT,,9,,,
7178,37,ïŋ―Kïŋ―TELLïŋ― ORG.SAN.-M. AKïŋ―F MH.-Gïŋ―ZTEPE MH.-TOPKAPI,TOPKAPI - OTOGAR - M. AKïŋ―F MAH - DEPREM KONUTLARI,,9,,,
7255,37,ïŋ―MRANïŋ―YE-ïŋ―AKMAK-DUDULLU-ïŋ―AHïŋ―NBEY,ïŋ―MRANïŋ―YE - DUDULLU - ïŋ―EKMEKïŋ―Y - ïŋ―AHïŋ―NBEY,,9,,,
7147,37,ïŋ―.EVLER-KULELïŋ―-MASKO-AYMAKOP-ONURKENT-KAYAïŋ―EHïŋ―R,KULELïŋ― - DEPREM KONUTLARI - ONURKENT - KAYAïŋ―EHïŋ―R,,9,,,
7339,37,BAHïŋ―ELïŋ―EVLER METRO ïŋ―ST-KALE ïŋ―ïŋ― M-BAïŋ―CILAR 2,100.YIL MH - BAïŋ―CILAR - TOPKAPI,,9,,,
7372,37,CEBECïŋ― MAH-TOPKAPI 1,CEVATPAïŋ―A - B.PAïŋ―A - OTOGAR - EYïŋ―P - EDïŋ―RNEKAPI,,9,,,
7294,37,PENDïŋ―K-Hïŋ―RRïŋ―YET MAHALLESïŋ―-YAKACIK,PENDïŋ―K - Hïŋ―RRïŋ―YET MAHALLESïŋ―,,9,,,
7270,37,CEVATPAïŋ―A- KOCATEPE-EDïŋ―RNEKAPI,CEVATPAïŋ―A - B.PAïŋ―A - OTOGAR - EYïŋ―P - EDïŋ―RNEKAPI,,9,,,
7417,37,BOSTANCI KAVïŋ―Aïŋ―I-ïŋ―ïŋ―ERENKïŋ―Y-BATI ATAïŋ―EHïŋ―R,KADIKïŋ―Y - Kïŋ―ïŋ―ïŋ―KBAKKALKïŋ―Y,,9,,,
7333,37,TOPKAPI-Gïŋ―NGïŋ―REN-BAïŋ―CILAR-Gïŋ―Yïŋ―MKENT,100.YIL MH - BAïŋ―CILAR - TOPKAPI,,9,,,
7410,37,BEYLïŋ―KDïŋ―Zïŋ― BELEDïŋ―YESïŋ―-Bïŋ―Yïŋ―Kïŋ―EKMECE ATïŋ―RUS AVM,B.ïŋ―EKMECE - Gïŋ―RPINAR - YAKUPLU - BEYLïŋ―KDïŋ―Zïŋ―,,9,,,
7512,37,Gïŋ―mïŋ―ïŋ―dere-Kïŋ―sïŋ―rkaya-H.Osman Metro-Kaymakamlïŋ―k,H.Osman Metro-Kaymakamlïŋ―k,,9,,,
7227,37,Kïŋ―ïŋ―ïŋ―KYALI-AYDINEVLER-FINDIKLI,Kïŋ―ïŋ―ïŋ―KYALI - AYDINEVLER - FINDIKLI,,9,,,
7265,37,Kïŋ―ïŋ―ïŋ―Kïŋ―EKMECE-Gïŋ―VERCïŋ―NTEPE-KAYAïŋ―EHïŋ―R,Kïŋ―ïŋ―ïŋ―Kïŋ―EKMECE - KAYABAïŋ―I - TAHTAKALE,,9,,,
7162,37,YAHYA KEMAL-Gïŋ―LTEPE-4.LEVENT,ïŋ―ïŋ―ïŋ―Lïŋ― - ïŋ―Aïŋ―LAYAN - Y.KEMAL - Gïŋ―LTEPE - 4.LEVENT,,9,,,
7212,37,BEïŋ―YOL - FLORYA,BEïŋ―YOL - FLORYA,,9,,,
7180,37,ïŋ―ïŋ―ïŋ―Lïŋ―-KAïŋ―ITHANE-ABDURRAHMAN MH-BAïŋ―AK KONUTLARI,ïŋ―ïŋ―ïŋ―Lïŋ― - KAïŋ―ITHANE - Gïŋ―ZELTEPE - ABDURAHMAN MH.,,9,,,
7400,37,BOSTANCI-K.BAKKALKïŋ―Y-ïŋ―ERïŋ―FALïŋ― ïŋ―ïŋ―FTLïŋ―ïŋ―ïŋ―-DUDULLU,BOSTANCI - DUDULLU,,9,,,
7242,37,ïŋ―SKïŋ―DAR- BATI ATAïŋ―EHïŋ―R-ATAïŋ―EHïŋ―R-FERHATPAïŋ―A,ïŋ―SKïŋ―DAR - ATAïŋ―EHïŋ―R-FERHATPAïŋ―A,,9,,,
7350,37,AVCILAR-TOKAT MAH-BALIK YOLU,Kïŋ―ïŋ―ïŋ―Kïŋ―EKMECE - AVCILAR -  BALIK YOLU - ïŋ―RNEK MH.,,9,,,
7280,37,NUR Sïŋ―TESïŋ―-TOPKAPI 2,GAZïŋ― MAHALLESïŋ― - CEBECïŋ― - Kïŋ―ïŋ―ïŋ―KKïŋ―Y - EDïŋ―RNEKAPI,,9,,,
7363,37,Bïŋ―Yïŋ―Kïŋ―EKMECE-BEYKENT,Bïŋ―Yïŋ―Kïŋ―EKMECE-BEYKENT,,9,,,
7399,37,PASABAHïŋ―E-SOïŋ―UKSU-ACARKENT,PASABAHïŋ―E - SOïŋ―UKSU - ACARKENT,,9,,,
7226,37,AVCILAR - BALIKYOLU,AVCILAR - ESENYURT,,9,,,
7285,37,GAZïŋ― MH.-TOPKAPI 2,GAZïŋ― MAHALLESïŋ― - CEBECïŋ― - Kïŋ―ïŋ―ïŋ―KKïŋ―Y - EDïŋ―RNEKAPI,,9,,,
7462,37,Bïŋ―Yïŋ―Kïŋ―EKMECE-Mïŋ―MAROBA,Bïŋ―Yïŋ―Kïŋ―EKMECE - Mïŋ―MARSïŋ―NAN,,9,,,
7356,37,KARTAL-Hïŋ―RRïŋ―YET MAHALLESïŋ―,KARTAL - Hïŋ―RRïŋ―YET MH. - KARTAL CEZAEVïŋ―,,9,,,
7119,37,Kïŋ―ïŋ―ïŋ―Kïŋ―EKMECE-AVCILAR-AMBARLI-ïŋ―NSA Sïŋ―TESïŋ―,Kïŋ―ïŋ―ïŋ―Kïŋ―EKMECE - AVCILAR - BEYLïŋ―KDïŋ―Zïŋ―,,9,,,
7440,37,BAKIRKïŋ―Y-MERTER-TOPKAPI,BAKIRKïŋ―Y - METRO - TOPKAPI,,9,,,
7480,37,BOSTANCI-ïŋ―ïŋ―ERENKïŋ―Y-ïŋ―ERïŋ―FALïŋ― ïŋ―ïŋ―FTLïŋ―ïŋ―ïŋ―-DUDULLU,BOSTANCI - DUDULLU,,9,,,
7454,37,BAKIRKïŋ―Y-YENïŋ―MAHALLE-OTOGAR,BAKIRKïŋ―Y - ESENLER - ATIïŋ―ALANI - OTOGAR,,9,,,
7381,37,KADIKïŋ―Y-Tïŋ―CCARBAïŋ―I-KAZASKER-ïŋ―ïŋ―ERENKïŋ―Y-K.BAKKALKïŋ―Y,KADIKïŋ―Y - Kïŋ―ïŋ―ïŋ―KBAKKALKïŋ―Y,,9,,,
7422,37,BAHïŋ―ELïŋ―EVLER METRO ïŋ―ST-KALE ïŋ―ïŋ― M-BAïŋ―CILAR 3,TOPKAPI - YAYLA - ïŋ―AVUïŋ―PAïŋ―A - OTOSANAYïŋ―,,9,,,
7367,37,Vïŋ―A-PORT-SULTANBEYLïŋ―-DUDULLU,SULTANBEYLïŋ― - SARIGAZïŋ― - DUDULLU,,9,,,
7291,37,KARTAL-YAKACIK-Uïŋ―UR-MUMCU (ïŋ―ïŋ―ïŋ―)-ORTADAïŋ―-AKPINARMAH. SAMANDIRA-YENïŋ―DOïŋ―AN,KARTAL-SOïŋ―ANLIK-YAKACIK-AKPINARMAH.-SAMANDIRA-YENïŋ―DOïŋ―AN,,9,,,
7117,37,Kïŋ―ïŋ―ïŋ―Kïŋ―EKMECE-AVCILAR-Cïŋ―HANGïŋ―R MH.,Kïŋ―ïŋ―ïŋ―Kïŋ―EKMECE - AVCILAR - BEYLïŋ―KDïŋ―Zïŋ―,,9,,,
7293,37,TOPKAPI-ESENLER-ATIïŋ―ALANI-TEPE,100.YIL - ATIïŋ―ALANI - ESENLER - TOPKAPI,,9,,,
7390,37,MALTEPE-Gïŋ―LENSU,MALTEPE - Gïŋ―LSUYU - Gïŋ―LENSU,,9,,,
7191,37,PAZARïŋ―ïŋ―ïŋ―-GOP-TOPKAPI,YILDIZTABYA- PAZARïŋ―ïŋ―ïŋ―- GOP- TOPKAPI,,9,,,
7501,37,TARABYAïŋ―STïŋ―-ïŋ―STïŋ―NYE-ïŋ―STïŋ―NYE PARK AVM,SARIYER Bïŋ―LGE ïŋ―ALIïŋ―MA GRUBU,,9,,,
7224,37,AVCILAR-ESENYURT-HADIMKïŋ―Y,AVCILAR - ESENYURT,,9,,,
7398,37,ïŋ―SKïŋ―DAR-ïŋ―MRANïŋ―YE-TAVUKïŋ―UYOLU-ALEMDAïŋ― ïŋ―SKïŋ―DAR-ZEYNEP KAMïŋ―L ïŋ―RNEK MAHALLESïŋ―-ESATPAïŋ―A,ïŋ―SKïŋ―DAR - ïŋ―RNEK MH. - ESATPAïŋ―A MH.,,9,,,
7326,37,TOPKAPI-ESENLER-ATIïŋ―ALANI-Gïŋ―Yïŋ―MKENT,100.YIL - ATIïŋ―ALANI - ESENLER - TOPKAPI,,9,,,
7245,37,ïŋ―SKïŋ―DAR-KOïŋ―UYOLU-ACIBADEM,ïŋ―SKïŋ―DAR - KOïŋ―UYOLU - ACIBADEM,,9,,,
7392,37,MALTEPE-BAïŋ―IBïŋ―Yïŋ―K,MALTEPE - BAïŋ―IBïŋ―Yïŋ―K,,9,,,
7314,37,DEPREM KONUTLARI-M.AKïŋ―F MH-Kïŋ―ïŋ―ïŋ―Kïŋ―EKMECE,Kïŋ―ïŋ―ïŋ―Kïŋ―EKMECE MEHMET AKïŋ―F MAH- ïŋ―Kïŋ―TELLïŋ―,,9,,,
7414,37,YAKUPLU(ïŋ―HLAS MARMARA 1.ETAP)-Tïŋ―YAP-Bïŋ―Yïŋ―Kïŋ―EKMECE,B.ïŋ―EKMECE - Gïŋ―RPINAR - YAKUPLU - BEYLïŋ―KDïŋ―Zïŋ―,,9,,,
7393,37,MALTEPE-FINDIKLI MAHALLESïŋ―,MALTEPE - BAïŋ―IBïŋ―Yïŋ―K,,9,,,
7311,37,TOPKAPI-YENïŋ―HAL-TULUMBA,100.YIL - ATIïŋ―ALANI - ESENLER - TOPKAPI,,9,,,
7298,37,MALTEPE-ESENKENT,MALTEPE-ESENKENT,,9,,,
7292,37,PENDïŋ―K-TOPSELVïŋ―,PENDïŋ―K - TOPSELVïŋ―,,9,,,
3789,19,BAïŋ―LARBAïŋ―I - DR BURHANETTïŋ―N ïŋ―STïŋ―NEL SK-KADIKïŋ―Y,BAïŋ―LARBAïŋ―I - KADIKïŋ―Y,,10,,,
7077,19,BEïŋ―ïŋ―KTAïŋ― - Nïŋ―SPETïŋ―YE METRO,BEïŋ―ïŋ―KTAïŋ―-ORTAKïŋ―Y-PORTAKAL YOKUïŋ―U-Nïŋ―SPETïŋ―YE METRO,,10,,,
3743,19,ïŋ―EKMEKïŋ―Y - ïŋ―AHïŋ―NBEY CAD-KADIKïŋ―Y,ïŋ―EKMEKïŋ―Y - KADIKïŋ―Y,,10,,,
3790,19,EMïŋ―Nïŋ―Nïŋ― - REFïŋ―K SAYDAM CAD-Nïŋ―ïŋ―ANTAïŋ―I,EMïŋ―Nïŋ―Nïŋ― - Nïŋ―ïŋ―ANTAïŋ―I,,10,,,
3791,19,BAKIRKïŋ―Y -DARULACEZE CAD- ïŋ―ïŋ―ïŋ―Lïŋ―,BAKIRKïŋ―Y - ïŋ―ïŋ―ïŋ―Lïŋ―,,10,,,
7079,19,BEïŋ―ïŋ―KTAïŋ― - ETïŋ―LER METRO,BEïŋ―ïŋ―KTAïŋ―-KURUïŋ―Eïŋ―ME-BEBEK-BEBEK YOKUïŋ―U-ETïŋ―LER METRO,,10,,,
3774,19,ïŋ―SKïŋ―DAR-GAZïŋ― CAD- BAïŋ―LARBAïŋ―I,ïŋ―SKïŋ―DAR-BAïŋ―LARBAïŋ―I,,10,,,
3796,19,EMïŋ―Nïŋ―Nïŋ― -SAHïŋ―L YOLU- ïŋ―ïŋ―ïŋ―Lïŋ―,EMïŋ―Nïŋ―Nïŋ― - ïŋ―ïŋ―ïŋ―Lïŋ―,,10,,,
3753,19,CEVïŋ―ZLïŋ―BAïŋ― - TURGUT ïŋ―ZAL Mïŋ―LLET CAD-TAKSïŋ―M,CEVïŋ―ZLïŋ―BAïŋ― - TAKSïŋ―M,,10,,,
3777,19,TEïŋ―Vïŋ―Kïŋ―YE - ABDïŋ― ïŋ―PEKïŋ―ïŋ― CAD- TAKSïŋ―M,TEïŋ―Vïŋ―Kïŋ―YE - TAKSïŋ―M,,10,,,
3766,19,BEïŋ―ïŋ―KTAïŋ― -DOLMABAHïŋ―E CAD- TAKSïŋ―M,BEïŋ―ïŋ―KTAïŋ― - TAKSïŋ―M,,10,,,
3786,19,K.M.PAïŋ―A -REFïŋ―K SAYDAM CAD- TAKSïŋ―M,K.M.PAïŋ―A - TAKSïŋ―M,,10,,,
3740,19,ïŋ―EKMEKïŋ―Y - ïŋ―SKïŋ―DAR,ïŋ―EKMEKïŋ―Y - ïŋ―SKïŋ―DAR,,10,,,
3746,19,YEïŋ―ïŋ―LKïŋ―Y - D100 KARAYOLU- TAKSïŋ―M,YEïŋ―ïŋ―LKïŋ―Y - TAKSïŋ―M,,10,,,
7076,19,ATAïŋ―EHïŋ―R - UZUNïŋ―AYIR,ATAïŋ―EHïŋ―R - UZUNïŋ―AYIR,,10,,,
3745,19,BAKIRKïŋ―Y -SAHïŋ―L YOLU-TAKSïŋ―M,BAKIRKïŋ―Y - TAKSïŋ―M,,10,,,
3805,19,EMïŋ―Nïŋ―Nïŋ― - SAHïŋ―L YOLU-Nïŋ―ïŋ―ANTAïŋ―I,EMïŋ―Nïŋ―Nïŋ― - Nïŋ―ïŋ―ANTAïŋ―I,,10,,,
3775,19,Sïŋ―ïŋ―ïŋ―TLEïŋ―ME METROBïŋ―S- BAïŋ―DAT CAD - BOSTANCI,Sïŋ―ïŋ―ïŋ―TLïŋ―ïŋ―Eïŋ―ME METROBïŋ―  - BOSTANCI,,10,,,
3776,19,TOPKAPI - TURGUT ïŋ―ZAL Mïŋ―LLET CAD- TAKSïŋ―M,TOPKAPI - TAKSïŋ―M,,10,,,
3739,19,BAKIRKïŋ―Y -D100 KARAYOLU- ïŋ―ïŋ―ïŋ―Lïŋ―,BAKIRKïŋ―Y - ïŋ―ïŋ―ïŋ―Lïŋ―,,10,,,
3797,19,BOSTANCI - BAïŋ―DAT CAD - TAKSïŋ―M,BOSTANCI - TAKSïŋ―M,,10,,,
3751,19,TEïŋ―Vïŋ―Kïŋ―YE - KADIRGALAR CAD-TAKSïŋ―M,TEïŋ―Vïŋ―Kïŋ―YE - TAKSïŋ―M,,10,,,
3795,19,KADIKïŋ―Y -TOPHANELïŋ―Oïŋ―LU CAD- Nïŋ―ïŋ―ANTAïŋ―I,KADIKïŋ―Y - Nïŋ―ïŋ―ANTAïŋ―I,,10,,,
3750,19,YENïŋ―BOSNA - D100 KARAYOLU- TAKSïŋ―M,YENïŋ―BOSNA - TAKSïŋ―M,,10,,,
3781,19,AKSARAY-REFïŋ―K SAYDAM CAD-TAKSïŋ―M,AKSARAY - TAKSïŋ―M,,10,,,
3765,19,BOSTANCI - ANKARA CAD - PENDïŋ―K,BOSTANCI - PENDïŋ―K,,10,,,
3806,19,YENïŋ―BOSNA - SAHïŋ―L YOLU- TAKSïŋ―M,YENïŋ―BOSNA - TAKSïŋ―M,,10,,,
3761,19,ïŋ―SKïŋ―DAR-CUMHURïŋ―YET CAD- BAïŋ―LARBAïŋ―I,ïŋ―SKïŋ―DAR-BAïŋ―LARBAïŋ―I,,10,,,
3800,19,ïŋ―EKMEKïŋ―Y - ïŋ―ïŋ―LE YOLUKADIKïŋ―Y,ïŋ―EKMEKïŋ―Y - KADIKïŋ―Y,,10,,,
3783,19,BEïŋ―ïŋ―KTAïŋ― -Sïŋ―LEYMAN SEBA CAD- HARBïŋ―YE,BEïŋ―ïŋ―KTAïŋ― - HARBïŋ―YE,,10,,,
3755,19,KADIKïŋ―Y - D100 KARAYOLU-TAKSïŋ―M,KADIKïŋ―Y - TAKSïŋ―M,,10,,,
3788,19,BAïŋ―LARBAïŋ―I -NUHKUYUSU CAD- KADIKïŋ―Y,BAïŋ―LARBAïŋ―I - KADIKïŋ―Y,,10,,,
3772,19,BEïŋ―ïŋ―KTAïŋ― -Sïŋ―LEYMAN SEBA CAD- TAKSïŋ―M,BEïŋ―ïŋ―KTAïŋ― - TAKSïŋ―M,,10,,,
3762,19,KADIKïŋ―Y -D100 KARAYOLU- Nïŋ―ïŋ―ANTAïŋ―I,KADIKïŋ―Y - Nïŋ―ïŋ―ANTAïŋ―I,,10,,,
3782,19,ïŋ―SKïŋ―DAR - EMNïŋ―YET MAHALLESïŋ―,ïŋ―SKïŋ―DAR - EMNïŋ―YET MAHALLESïŋ―,,10,,,
3779,19,ïŋ―SKïŋ―DAR - Gïŋ―NDOïŋ―UMU CAD- KADIKïŋ―Y,ïŋ―SKïŋ―DAR - KADIKïŋ―Y,,10,,,
3741,19,CEVïŋ―ZLïŋ―BAïŋ― - ADNAN MENDERES VATAN BLV- TAKSïŋ―M,CEVïŋ―ZLïŋ―BAïŋ― - TAKSïŋ―M,,10,,,
3773,19,YEïŋ―ïŋ―LKïŋ―Y - SAHïŋ―L YOLU- TAKSïŋ―M,YEïŋ―ïŋ―LKïŋ―Y - TAKSïŋ―M,,10,,,
3799,19,BAKIRKïŋ―Y -D100 KARAYOLU- TAKSïŋ―M,BAKIRKïŋ―Y - TAKSïŋ―M,,10,,,
3749,19,KADIKïŋ―Y - NUHKUYUSU CAD-TAKSïŋ―M,KADIKïŋ―Y - TAKSïŋ―M,,10,,,
3780,19,KADIKïŋ―Y - BAïŋ―DAT CAD- BOSTANCI,KADIKïŋ―Y - BOSTANCI,,10,,,
3803,19,ïŋ―SKïŋ―DAR - ABDULLAH Aïŋ―A CAD- BEYKOZ,ïŋ―SKïŋ―DAR - BEYKOZ,,10,,,
3738,19,K.M.PAïŋ―A -BAHRïŋ―YE CAD- TAKSïŋ―M,K.M.PAïŋ―A - TAKSïŋ―M,,10,,,
3771,19,FLORYA -SAHïŋ―L YOLU- TAKSïŋ―M,FLORYA - TAKSïŋ―M,,10,,,
3747,19,BOSTANCI -TURGUT ïŋ―ZAL BLV- PENDïŋ―K,BOSTANCI - PENDïŋ―K,,10,,,
3757,19,BOSTANCI -D100 KARAYOLU -TAKSïŋ―M,BOSTANCI - TAKSïŋ―M,,10,,,
3794,19,BEïŋ―ïŋ―KTAïŋ― -CUMHURïŋ―YET CAD- HARBïŋ―YE,BEïŋ―ïŋ―KTAïŋ― - HARBïŋ―YE,,10,,,
3778,19,AKSARAY-ïŋ―MER HAYYAM CAD-TAKSïŋ―M,AKSARAY - TAKSïŋ―M,,10,,,
7451,19,KADIKïŋ―Y-ATAïŋ―EHïŋ―R,KADIKïŋ―Y-ATAïŋ―EHïŋ―R,,10,,,
3798,19,ïŋ―SKïŋ―DAR - ïŋ―CADïŋ―YE CAD- BEYKOZ,ïŋ―SKïŋ―DAR - BEYKOZ,,10,,,
3793,19,KADIKïŋ―Y -Mïŋ―Nïŋ―R NURETTïŋ―N SELCUK CAD- BOSTANCI,KADIKïŋ―Y - BOSTANCI,,10,,,
3785,19,ATAïŋ―EHïŋ―R - TAKSïŋ―M,ATAïŋ―EHïŋ―R - TAKSïŋ―M,,10,,,
3744,19,Sïŋ―ïŋ―ïŋ―TLEïŋ―ME METROBïŋ―S - Sïŋ―Gïŋ―TLïŋ―ïŋ―Eïŋ―ME CAD- BOSTANCI,Sïŋ―ïŋ―ïŋ―TLïŋ―ïŋ―Eïŋ―ME METROBïŋ―  - BOSTANCI,,10,,,
3764,19,EMïŋ―Nïŋ―Nïŋ― - REFïŋ―K SAYDAM CAD-ïŋ―ïŋ―ïŋ―Lïŋ―,EMïŋ―Nïŋ―Nïŋ― - ïŋ―ïŋ―ïŋ―Lïŋ―,,10,,,
3752,19,TOPKAPI - ADNAN MENDERES VATAN BLV- TAKSïŋ―M,TOPKAPI - TAKSïŋ―M,,10,,,
7081,19,KASIMPAïŋ―A - PANGALTI,KASIMPAïŋ―A - PANGALTI,,10,,,
3742,19,ïŋ―SKïŋ―DAR - HALK  CAD- KADIKïŋ―Y,ïŋ―SKïŋ―DAR - KADIKïŋ―Y,,10,,,
3754,19,FLORYA -D100 KARAYOLU- TAKSïŋ―M,FLORYA - TAKSïŋ―M,,10,,,
26724,20,BEïŋ―ïŋ―KTAïŋ―-BURGAZADA,BEïŋ―ïŋ―KTAïŋ―-YENïŋ―KAPI-KINALIADA-BURGAZADA,,4,http://www.ido.com.tr,,
26725,20,BEïŋ―ïŋ―KTAïŋ― - HEYBELïŋ―ADA,BEïŋ―ïŋ―KTAïŋ― - YENïŋ―KAPI - Bïŋ―Yïŋ―KADA - HEYBELïŋ―ADA,,4,http://www.ido.com.tr,,
3854,20,BOSTANCI-B.Kïŋ―Y,BOSTANCI - KADIKïŋ―Y - YENïŋ―KAPI - BAKIRKïŋ―Y,,4,http://www.ido.com.tr/tr/tarifeler/2018-kis-tarifesi,,
3856,20,BOSTANCI - BEïŋ―ïŋ―KTAïŋ―,BOSTANCI - BEïŋ―ïŋ―KTAïŋ―,,4,http://www.ido.com.tr/tr/tarifeler/2015-yaz-tarifesi/680,,
3880,20,Sïŋ―RKECïŋ― - HAREM,Sïŋ―RKECïŋ― - HAREM (Arabalïŋ― Vapur),,4,http://www.ido.com.tr/tr/tarifeler/2014-yaz-tarifesi/691,,
7565,48,B.CKMC_B.ADA,Bïŋ―Yïŋ―Kïŋ―EKMECE(Mïŋ―MARSïŋ―NAN) - Bïŋ―Yïŋ―KADA,,4,http://www.turyol.com/TarifeSeferSabit.aspx,,
7559,48,K.KOY_KDK,KARAKïŋ―Y - KADIKïŋ―Y (METRO),,4,,,
7555,48,EMN_KDK2,EMïŋ―Nïŋ―Nïŋ― - KADIKïŋ―Y2 (ïŋ―AYIRBAïŋ―I),,4,,,
7566,48,K.KOY_K.ADA,KARAKïŋ―Y - KINALIADA,,4,,,
7568,48,B.KOY_ADA,BAKIRKïŋ―Y - KINALIADA/HEYBELïŋ―ADA/Bïŋ―Yïŋ―KADA,,4,http://www.turyol.com/TarifeSeferSabit.aspx,,
7564,48,K.ADA_K.KOY_EMN,KINALIADA - KADIKïŋ―Y (METRO) - EMïŋ―Nïŋ―Nïŋ―,,4,,,
7553,48,EMN_KDK,EMïŋ―Nïŋ―Nïŋ― - KADIKïŋ―Y (METRO),,4,,,
7557,48,KDK_EMN_K.KOY,KADIKïŋ―Y (METRO) - EMïŋ―Nïŋ―Nïŋ― - KARAKïŋ―Y,,4,,,
7567,48,K.KOY_B.ADA,KARAKïŋ―Y - Bïŋ―Yïŋ―KADA,,4,,,
7550,48,B.KOY_KDK,BAKIRKïŋ―Y - KADIKïŋ―Y (Metro),,4,,,
7558,48,KDK2_K.Kïŋ―Y_EMN,KADIKïŋ―Y2 (ïŋ―AYIRBAïŋ―I) - KARAKïŋ―Y - EMïŋ―Nïŋ―Nïŋ―,,4,,,
7551,48,BSK_KDK,BEïŋ―ïŋ―KTAïŋ― - KADIKïŋ―Y (METRO),,4,,,
7561,48,K.KOY_USK,KARAKïŋ―Y - ïŋ―SKïŋ―DAR,,4,,,
7569,48,KDK_ADA,KADIKïŋ―Y(METRO) - KINALIADA/HEYBELïŋ―ADA/Bïŋ―Yïŋ―KADA,,4,http://www.turyol.com/TarifeSeferSabit.aspx,,
7556,48,EMN_USK,EMïŋ―Nïŋ―Nïŋ― - ïŋ―SKïŋ―DAR,,4,,,
7560,48,K.Kïŋ―Y_KDK2,KARAKïŋ―Y - KADIKïŋ―Y2 (ïŋ―AYIRBAïŋ―I),,4,,,
7562,48,USK_K.KOY_EMN,ïŋ―SKïŋ―DAR - KARAKïŋ―Y - EMïŋ―Nïŋ―Nïŋ―,,4,,,
7570,48,ADA-EMN,ADALAR - KADIKïŋ―Y(METRO)/EMïŋ―Nïŋ―Nïŋ―,,4,http://www.turyol.com/TarifeSeferSabit.aspx,,
26731,33,KBT-KDK,KABATAïŋ― - KADIKïŋ―Y,,4,http://www.denturavrasya.com/tr-TR/yazi.aspx?kid=75&id=461,,
26730,33,SRK-ADA,Sïŋ―RKECïŋ― - ADALAR,,4,http://www.denturavrasya.com.tr,,
7549,33,KBT-ADA,KABATAïŋ― - ADALAR (HEYBELïŋ―ADA - Bïŋ―Yïŋ―KADA),,4,http://www.denturavrasya.com.tr,,
5560,33,EMN-BBK,EMïŋ―Nïŋ―Nïŋ―-BEBEK,,4,http://www.denturavrasya.com/tr-TR/yazi.aspx?kid=75&id=42,,
5562,33,ïŋ―SK-Bïŋ―K,ïŋ―SKïŋ―DAR - BEïŋ―ïŋ―KTAïŋ―,,4,http://www.denturavrasya.com/tr-TR/yazi.aspx?kid=75&id=31,,
5561,33,ïŋ―SK-KBTïŋ―,ïŋ―SKïŋ―DAR - KABATAïŋ―,,4,http://www.denturavrasya.com/tr-TR/yazi.aspx?kid=75&id=41,,
7547,33,AVC-ADA,AVCILAR-ADALAR,,4,http://www.denturavrasya.com.tr,,
7548,33,Bïŋ―K-K.Kïŋ―Y,BEïŋ―ïŋ―KTAïŋ― - KADIKïŋ―Y,,4,http://www.denturavrasya.com.tr,,
